scope,item,status,ready,total,open,detail,source,next_action
overall,End-to-end optimizing compiler dashboard checks,mixed,8,27,19,"dashboard_checks_closed=8, mixed=16, open=3, primary_open=backend_kernel, Direct test evidence, ROCm target-map native promotion",docs/audit/generated/compiler_progress.csv,Drive the largest open-work rows without collapsing backend promotion into all-up compiler status.
phase,Public Python API,closed,357,357,0,public=357,docs/audit/generated/support_table.csv,Keep this layer drift-gated through support_table.csv.
phase,Frontend capture,closed,357,357,0,public=357,docs/audit/generated/support_table.csv,Keep this layer drift-gated through support_table.csv.
phase,Graph IR registration,closed,357,357,0,"not_applicable=33, registered=324",docs/audit/generated/support_table.csv,Keep this layer drift-gated through support_table.csv.
phase,Schedule IR,closed,357,357,0,"complete=355, not_applicable=2",docs/audit/generated/support_table.csv,Keep this layer drift-gated through support_table.csv.
phase,Tile IR,mixed,336,357,21,"complete=4, fused=299, no_kernel_required=7, not_applicable=26, partial=21",docs/audit/generated/support_table.csv,Close partial Tile IR rows or explicitly classify them as fused/not-applicable.
phase,Target IR native/fused codegen,mixed,332,357,25,"device_verified_abi=26, device_verified_jit=199, fused=73, no_kernel_required=8, not_applicable=26, reference=25",docs/audit/generated/support_table.csv,Promote high-use reference rows into native/fused Target IR or mark intentional reference-only lanes.
phase,Runtime dispatch readiness,closed,357,357,0,"fused=6, ready=351",docs/audit/generated/support_table.csv,Keep this layer drift-gated through support_table.csv.
phase,Benchmark evidence,mixed,106,357,251,"benchmarked=106, none=251",docs/audit/generated/support_table.csv,Attach benchmarks to native/hardware-promoted rows first.
primitive_axis,batching_rule,mixed,523,524,1,"primitive contract axis; open means partial or planned, not necessarily missing API support",docs/audit/generated/s_series_status.md,No action unless this row reopens.
primitive_axis,transpose_rule,mixed,523,524,1,"primitive contract axis; open means partial or planned, not necessarily missing API support",docs/audit/generated/s_series_status.md,No action unless this row reopens.
primitive_axis,sharding_rule,mixed,463,524,61,"primitive contract axis; open means partial or planned, not necessarily missing API support",docs/audit/generated/s_series_status.md,"Prioritize model-facing collectives, layout, memory, and optimizer rows."
primitive_axis,lowering_rule,mixed,521,524,3,"primitive contract axis; open means partial or planned, not necessarily missing API support",docs/audit/generated/s_series_status.md,No action unless this row reopens.
primitive_axis,backend_kernel,mixed,100,524,424,"primitive contract axis; open means partial or planned, not necessarily missing API support",docs/audit/generated/s_series_status.md,Promote by backend/pathway; do not treat every target as an all-up compiler veto.
integration,Verifier coverage,closed,294,294,0,real=294,docs/audit/generated/verifier_coverage.csv,No action unless this row reopens.
integration,Direct test evidence,mixed,412,524,112,"covered_by_family=26, directly_tested=419, hardware_gated=4, structural_only=75",tessera.compiler.generated_docs:test_coverage (live renderer),Convert structural_only and needs_direct_test rows into direct compare fixtures; keep hardware_gated tied to backend proof.
integration,Runtime execution matrix,closed,282,282,0,"apple_cpu=2, apple_gpu=24, cpu=7, nvidia_sm120=58, rocm=96, rocm_gfx1151=2, rocm_gfx1201=6, x86=87",docs/audit/generated/runtime_execution_matrix.csv,Add rows only when a launch path actually executes.
integration,Runtime ABI symbols,mixed,657,988,331,"apple=723, nvidia=33, rocm=67, x86=165",docs/audit/generated/runtime_abi.csv,Reduce stub-only ABI rows where a backend claims native execution.
integration,Audited repo surfaces,mixed,39,69,30,"archived=4, compile_only=20, runnable=39, runnable_optional=2, scaffold=4",docs/audit/generated/surface_status.csv,Graduate compile_only/scaffold entries that exercise compiler pathways; archive dead surfaces.
codegen_pathway,Portable CPU reference,closed,370,370,0,"manifest: exact_verified=0, implementation_present=0, reference=370, artifact_or_planned=0, other=0, missing_target_row=154; runtime_paths: executable=7/7 (cpu=7)",docs/audit/generated/s_series_status.md,Keep portable reference execution distinct from native x86 proof.
codegen_pathway,x86 / AVX-512,mixed,294,350,56,"manifest: exact_verified=294, implementation_present=49, reference=7, artifact_or_planned=0, other=0, missing_target_row=174; runtime_paths: executable=87/87 (x86=87)",docs/audit/generated/s_series_status.md,Promote implementation-only rows with exact Zen 5 execute-and-compare; keep AMX separately gated.
codegen_pathway,Apple CPU,mixed,399,406,7,"manifest: exact_verified=0, implementation_present=4, reference=399, artifact_or_planned=3, other=0, missing_target_row=118; runtime_paths: executable=2/2 (apple_cpu=2)",docs/audit/generated/s_series_status.md,Exact-device verify implementation-only rows or retain them explicitly as reference execution.
codegen_pathway,Apple GPU,mixed,148,211,63,"manifest: exact_verified=148, implementation_present=52, reference=4, artifact_or_planned=7, other=0, missing_target_row=313; runtime_paths: executable=24/24 (apple_gpu=24)",docs/audit/generated/s_series_status.md,Promote implementation/artifact rows only with exact-device execute-and-compare.
codegen_pathway,ROCm / gfx1151,mixed,346,356,10,"manifest: exact_verified=346, implementation_present=0, reference=2, artifact_or_planned=8, other=0, missing_target_row=168; runtime_paths: executable=96/96 (rocm=96)",docs/audit/generated/s_series_status.md,Promote remaining reference rows only with exact gfx1151 execute-and-compare.
codegen_pathway,NVIDIA SM80,open,0,75,75,"manifest: exact_verified=0, implementation_present=0, reference=0, artifact_or_planned=75, other=0, missing_target_row=449; runtime_paths: executable=0/0 (no runtime rows)",docs/audit/generated/s_series_status.md,Retain as declared/open until architecture-owned execution evidence exists.
codegen_pathway,NVIDIA SM90,open,0,108,108,"manifest: exact_verified=0, implementation_present=0, reference=2, artifact_or_planned=106, other=0, missing_target_row=416; runtime_paths: executable=0/0 (no runtime rows)",docs/audit/generated/s_series_status.md,Keep compile/artifact evidence separate from SM120 exact-device execution.
codegen_pathway,NVIDIA SM100,open,0,75,75,"manifest: exact_verified=0, implementation_present=0, reference=0, artifact_or_planned=75, other=0, missing_target_row=449; runtime_paths: executable=0/0 (no runtime rows)",docs/audit/generated/s_series_status.md,Retain as declared/open until architecture-owned execution evidence exists.
codegen_pathway,NVIDIA SM120,mixed,71,137,66,"manifest: exact_verified=71, implementation_present=0, reference=0, artifact_or_planned=66, other=0, missing_target_row=387; runtime_paths: executable=58/58 (nvidia_sm120=58)",docs/audit/generated/s_series_status.md,Promote artifact rows with SM120 execute-and-compare evidence.
open_work,Target IR native/fused codegen,mixed,332,357,25,"device_verified_abi=26, device_verified_jit=199, fused=73, no_kernel_required=8, not_applicable=26, reference=25",docs/audit/generated/support_table.csv,Promote high-use reference rows into native/fused Target IR or mark intentional reference-only lanes.
open_work,backend_kernel,mixed,100,524,424,"primitive contract axis; open means partial or planned, not necessarily missing API support",docs/audit/generated/s_series_status.md,Promote by backend/pathway; do not treat every target as an all-up compiler veto.
open_work,Direct test evidence,mixed,412,524,112,"covered_by_family=26, directly_tested=419, hardware_gated=4, structural_only=75",tessera.compiler.generated_docs:test_coverage (live renderer),Convert structural_only and needs_direct_test rows into direct compare fixtures; keep hardware_gated tied to backend proof.
open_work,Audited repo surfaces,mixed,39,69,30,"archived=4, compile_only=20, runnable=39, runnable_optional=2, scaffold=4",docs/audit/generated/surface_status.csv,Graduate compile_only/scaffold entries that exercise compiler pathways; archive dead surfaces.
open_work,ROCm target-map native promotion,mixed,39,85,46,"artifact_only=15, device_verified_abi=2, device_verified_jit=37, planned=2, ready=21, unsupported=8",docs/audit/generated/rocm_target_map.csv,Promote artifact_only rows with hardware execute-and-compare or move them to an explicit hardware-gated bucket.
open_work,CUDA target-map native promotion,open,0,44,44,"artifact_only=42, planned=2",docs/audit/generated/nvidia_sm90_target_map.csv,Promote artifact_only rows with hardware execute-and-compare or move them to an explicit hardware-gated bucket.
dashboard_map,compiler_progress,primary,0,0,0,"Reader-facing all-up rollup: phase/IR state, primitive axes, integration evidence, codegen pathways, and open work.",docs/audit/generated/compiler_progress.md,Start here for compiler-progress status.
dashboard_map,support_table,drilldown,0,0,0,Per-op phase support across API/frontend/Graph/Schedule/Tile/Target/runtime/bench.,docs/audit/generated/support_table.csv,Use when an open phase row needs the actual op list.
dashboard_map,s_series_status,drilldown,0,0,0,Primitive contract axes by category; owns batching/transpose/sharding/lowering/backend-kernel status.,docs/audit/generated/s_series_status.md,Use for primitive-contract promotion planning.
dashboard_map,standalone_primitive_coverage,companion,0,0,0,Historical primitive registry snapshot and S-series grouping; not the all-up completion gate.,docs/audit/standalone_primitive_coverage.md,Keep for primitive vocabulary/history; avoid using it as the primary progress summary.
dashboard_map,op_target_conformance,drilldown,0,0,0,"Op-by-target conformance cells; useful for target-specific holes, not overall compiler health.",docs/audit/op_target_conformance.csv,Use after a backend/pathway row points at a target-specific gap.
dashboard_map,runtime_execution_matrix,primary_evidence,0,0,0,Executable compiler paths and launch outcomes by target.,docs/audit/generated/runtime_execution_matrix.csv,Use for native execution claims.
dashboard_map,target_maps,drilldown,0,0,0,Apple/ROCm/CUDA native/artifact status per backend op family.,docs/audit/generated/*_target_map.csv,Use for backend promotion queues.
dashboard_map,verifier_coverage,integration,0,0,0,ODS/C++ verifier implementation coverage.,docs/audit/generated/verifier_coverage.csv,Use for IR legality hardening work.
dashboard_map,test_coverage,integration,0,0,0,"Direct, structural, family, and hardware-gated test evidence by op.",tessera.compiler.generated_docs:test_coverage (live renderer),Use for proof-quality triage.
dashboard_map,runtime_abi,integration,0,0,0,C ABI symbols and implementation/stub split.,docs/audit/generated/runtime_abi.csv,Use when runtime/backend claims need symbol-level evidence.
dashboard_map,surface_status,integration,0,0,0,"Examples, benchmarks, research, tools, and tests surface status.",docs/audit/generated/surface_status.csv,Use to find runnable proof surfaces and stale scaffolds.
dashboard_map,dtype_flow,specialized,0,0,0,"Per-operator logical dtype, physical ABI storage, accumulator, IR-layer, and exact-target state.",docs/audit/generated/dtype_flow.csv,Use for dtype support questions; do not infer per-dtype execution from aggregate conformance or capability rows.
dashboard_map,contract_consumers / effect_lattice / tsol,specialized,0,0,0,"Focused contract-pass, effect-system, and TSOL views.",docs/audit/generated/,Use only when the specialized subsystem is the question.
