schema,target,architecture,backend,family,state,packet,source_commit,reason
tessera.e2e-release-packet.v1,apple_gpu,apple7,apple,matmul,release_ready,docs/audit/evidence/e2e_spine/apple_gpu/apple7,622b6c0d4ec363db5beeb38691813e28ccd074a0,Validated hash-sealed packet.
tessera.e2e-release-packet.v1,apple_gpu,apple7,apple,softmax,release_ready,docs/audit/evidence/e2e_spine/apple_gpu/apple7,622b6c0d4ec363db5beeb38691813e28ccd074a0,Validated hash-sealed packet.
tessera.e2e-release-packet.v1,apple_gpu,apple7,apple,linalg,packet_pending,,,Family absent from active packet.
tessera.e2e-release-packet.v1,apple_gpu,apple7,apple,ppo,packet_pending,,,Family absent from active packet.
tessera.e2e-release-packet.v1,apple_gpu,apple7,apple,ebm,packet_pending,,,Family absent from active packet.
tessera.e2e-release-packet.v1,apple_gpu,apple7,apple,clifford,packet_pending,,,Family absent from active packet.
tessera.e2e-release-packet.v1,apple_cpu,apple_m1_max,apple,matmul,release_ready,docs/audit/evidence/e2e_spine/apple_cpu/apple_m1_max,88911c75e58835452a3641269b18f8a1bcc661a8,Validated hash-sealed packet.
tessera.e2e-release-packet.v1,apple_cpu,apple_m1_max,apple,linalg,packet_pending,,,Family absent from active packet.
tessera.e2e-release-packet.v1,x86,x86_64_base,x86,softmax,release_ready,docs/audit/evidence/e2e_spine/x86/x86_64_base,9f3757ef2dda2dd61ff94f1aefe0244f1b80f064,Validated hash-sealed packet.
tessera.e2e-release-packet.v1,x86,x86_64_base,x86,reduction,release_ready,docs/audit/evidence/e2e_spine/x86/x86_64_base,9f3757ef2dda2dd61ff94f1aefe0244f1b80f064,Validated hash-sealed packet.
tessera.e2e-release-packet.v1,x86,x86_64_avx512_strix_halo,x86,matmul,release_ready,docs/audit/evidence/e2e_spine/x86/x86_64_avx512_strix_halo,86ec9d31e72ab6851a21885a6a0fb066ba7d7719,Validated hash-sealed packet.
tessera.e2e-release-packet.v1,x86,x86_64_avx512_strix_halo,x86,softmax,release_ready,docs/audit/evidence/e2e_spine/x86/x86_64_avx512_strix_halo,86ec9d31e72ab6851a21885a6a0fb066ba7d7719,Validated hash-sealed packet.
tessera.e2e-release-packet.v1,x86,x86_64_avx512_strix_halo,x86,reduction,release_ready,docs/audit/evidence/e2e_spine/x86/x86_64_avx512_strix_halo,86ec9d31e72ab6851a21885a6a0fb066ba7d7719,Validated hash-sealed packet.
tessera.e2e-release-packet.v1,x86,x86_64_avx512_strix_halo,x86,attention,release_ready,docs/audit/evidence/e2e_spine/x86/x86_64_avx512_strix_halo,86ec9d31e72ab6851a21885a6a0fb066ba7d7719,Validated hash-sealed packet.
tessera.e2e-release-packet.v1,x86,x86_64_avx512_strix_halo,x86,linalg,release_ready,docs/audit/evidence/e2e_spine/x86/x86_64_avx512_strix_halo,86ec9d31e72ab6851a21885a6a0fb066ba7d7719,Validated hash-sealed packet.
tessera.e2e-release-packet.v1,x86,x86_64_avx512_granite_ridge,x86,matmul,release_ready,docs/audit/evidence/e2e_spine/x86/x86_64_avx512_granite_ridge,86ec9d31e72ab6851a21885a6a0fb066ba7d7719,Validated hash-sealed packet.
tessera.e2e-release-packet.v1,x86,x86_64_avx512_granite_ridge,x86,softmax,release_ready,docs/audit/evidence/e2e_spine/x86/x86_64_avx512_granite_ridge,86ec9d31e72ab6851a21885a6a0fb066ba7d7719,Validated hash-sealed packet.
tessera.e2e-release-packet.v1,x86,x86_64_avx512_granite_ridge,x86,reduction,release_ready,docs/audit/evidence/e2e_spine/x86/x86_64_avx512_granite_ridge,86ec9d31e72ab6851a21885a6a0fb066ba7d7719,Validated hash-sealed packet.
tessera.e2e-release-packet.v1,x86,x86_64_avx512_granite_ridge,x86,attention,release_ready,docs/audit/evidence/e2e_spine/x86/x86_64_avx512_granite_ridge,86ec9d31e72ab6851a21885a6a0fb066ba7d7719,Validated hash-sealed packet.
tessera.e2e-release-packet.v1,x86,x86_64_avx512_granite_ridge,x86,linalg,release_ready,docs/audit/evidence/e2e_spine/x86/x86_64_avx512_granite_ridge,86ec9d31e72ab6851a21885a6a0fb066ba7d7719,Validated hash-sealed packet.
tessera.e2e-release-packet.v1,nvidia_sm120,sm_120a,nvidia,matmul,release_ready,docs/audit/evidence/e2e_spine/nvidia_sm120/sm_120a,9da32b78c37fc3bebf3f69d575e7b1eb4013a399,Validated hash-sealed packet.
tessera.e2e-release-packet.v1,nvidia_sm120,sm_120a,nvidia,softmax,release_ready,docs/audit/evidence/e2e_spine/nvidia_sm120/sm_120a,9da32b78c37fc3bebf3f69d575e7b1eb4013a399,Validated hash-sealed packet.
tessera.e2e-release-packet.v1,nvidia_sm120,sm_120a,nvidia,reduction,release_ready,docs/audit/evidence/e2e_spine/nvidia_sm120/sm_120a,9da32b78c37fc3bebf3f69d575e7b1eb4013a399,Validated hash-sealed packet.
tessera.e2e-release-packet.v1,nvidia_sm120,sm_120a,nvidia,epilogue,release_ready,docs/audit/evidence/e2e_spine/nvidia_sm120/sm_120a,9da32b78c37fc3bebf3f69d575e7b1eb4013a399,Validated hash-sealed packet.
tessera.e2e-release-packet.v1,nvidia_sm120,sm_120a,nvidia,attention,release_ready,docs/audit/evidence/e2e_spine/nvidia_sm120/sm_120a,9da32b78c37fc3bebf3f69d575e7b1eb4013a399,Validated hash-sealed packet.
tessera.e2e-release-packet.v1,nvidia_sm120,sm_120a,nvidia,paged_kv,release_ready,docs/audit/evidence/e2e_spine/nvidia_sm120/sm_120a,9da32b78c37fc3bebf3f69d575e7b1eb4013a399,Validated hash-sealed packet.
tessera.e2e-release-packet.v1,nvidia_sm120,sm_120a,nvidia,replay_ssm,release_ready,docs/audit/evidence/e2e_spine/nvidia_sm120/sm_120a,9da32b78c37fc3bebf3f69d575e7b1eb4013a399,Validated hash-sealed packet.
tessera.e2e-release-packet.v1,nvidia_sm120,sm_120a,nvidia,moe,release_ready,docs/audit/evidence/e2e_spine/nvidia_sm120/sm_120a,9da32b78c37fc3bebf3f69d575e7b1eb4013a399,Validated hash-sealed packet.
tessera.e2e-release-packet.v1,nvidia_sm90,sm_90a,nvidia,-,hardware_deferred,,,Exact Hopper device unavailable; SM120 evidence does not transfer.
tessera.e2e-release-packet.v1,nvidia_sm100,sm_100a,nvidia,-,hardware_deferred,,,Exact datacenter Blackwell device unavailable; SM120 evidence does not transfer.
tessera.e2e-release-packet.v1,rocm_gfx1151,gfx1151,rocm,softmax,release_ready,docs/audit/evidence/e2e_spine/rocm_gfx1151/gfx1151,a5243d14a4039a3fa6ddcdb0276eb803ff567d19,Validated hash-sealed packet.
tessera.e2e-release-packet.v1,rocm_gfx1151,gfx1151,rocm,reduction,release_ready,docs/audit/evidence/e2e_spine/rocm_gfx1151/gfx1151,a5243d14a4039a3fa6ddcdb0276eb803ff567d19,Validated hash-sealed packet.
tessera.e2e-release-packet.v1,rocm_gfx1151,gfx1151,rocm,paged_kv,release_ready,docs/audit/evidence/e2e_spine/rocm_gfx1151/gfx1151,a5243d14a4039a3fa6ddcdb0276eb803ff567d19,Validated hash-sealed packet.
tessera.e2e-release-packet.v1,rocm_gfx1151,gfx1151,rocm,moe,release_ready,docs/audit/evidence/e2e_spine/rocm_gfx1151/gfx1151,a5243d14a4039a3fa6ddcdb0276eb803ff567d19,Validated hash-sealed packet.
