"Domain","Function","Process_Id","Thread_Id","Correlation_Id","Start_Timestamp","End_Timestamp"
"HIP_RUNTIME_API_EXT","hipInit",96967,96967,1,144217269349753,144217318485510
"HIP_RUNTIME_API_EXT","hipMalloc",96967,96967,2,144220476712470,144220539516354
"HIP_RUNTIME_API_EXT","hipMemcpy",96967,96967,3,144220539605709,144220571379021
"HIP_RUNTIME_API_EXT","hipMalloc",96967,96967,4,144220571469467,144220571480037
"HIP_RUNTIME_API_EXT","hipMemcpy",96967,96967,5,144220571516099,144220571602204
"HIP_RUNTIME_API_EXT","hipMalloc",96967,96967,6,144220571614235,144220571618175
"HIP_RUNTIME_API_EXT","hipMemcpy",96967,96967,7,144220571626365,144220571703210
"HIP_RUNTIME_API_EXT","hipMalloc",96967,96967,8,144220571713350,144220571717311
"HIP_RUNTIME_API_EXT","hipMemcpy",96967,96967,9,144220571724941,144220571801335
"HIP_RUNTIME_API_EXT","hipMalloc",96967,96967,10,144220571811876,144220571815606
"HIP_RUNTIME_API_EXT","hipMemcpy",96967,96967,11,144220571823267,144220571901041
"HIP_RUNTIME_API_EXT","hipMalloc",96967,96967,12,144220571911102,144220571914902
"HIP_RUNTIME_API_EXT","hipMemcpy",96967,96967,13,144220571922522,144220571999077
"HIP_RUNTIME_API_EXT","hipMalloc",96967,96967,14,144220572020518,144220572024778
"HIP_RUNTIME_API_EXT","hipMemcpy",96967,96967,15,144220572032758,144220572141905
"HIP_RUNTIME_API_EXT","hipMalloc",96967,96967,16,144220572151595,144220572155215
"HIP_RUNTIME_API_EXT","hipMemcpy",96967,96967,17,144220572162626,144220572260411
"HIP_RUNTIME_API_EXT","hipGetDevice",96967,96967,18,144220573159833,144220573162133
"HIP_RUNTIME_API_EXT","hipModuleLoadData",96967,96967,19,144220573253918,144220574509929
"HIP_RUNTIME_API_EXT","hipModuleGetFunction",96967,96967,20,144220574540571,144220574543111
"HIP_RUNTIME_API_EXT","hipGetDevice",96967,96967,21,144220574580563,144220574580923
"HIP_RUNTIME_API_EXT","hipPointerGetAttributes",96967,96967,22,144220574663108,144220574670178
"HIP_RUNTIME_API_EXT","hipMemGetAddressRange",96967,96967,23,144220574681039,144220574686189
"HIP_RUNTIME_API_EXT","hipPointerGetAttributes",96967,96967,24,144220574719891,144220574720121
"HIP_RUNTIME_API_EXT","hipMemGetAddressRange",96967,96967,25,144220574726271,144220574726391
"HIP_RUNTIME_API_EXT","hipPointerGetAttributes",96967,96967,26,144220574749623,144220574749853
"HIP_RUNTIME_API_EXT","hipMemGetAddressRange",96967,96967,27,144220574751563,144220574751633
"HIP_RUNTIME_API_EXT","hipPointerGetAttributes",96967,96967,28,144220574772044,144220574772224
"HIP_RUNTIME_API_EXT","hipMemGetAddressRange",96967,96967,29,144220574773934,144220574774014
"HIP_RUNTIME_API_EXT","hipPointerGetAttributes",96967,96967,30,144220574790275,144220574790585
"HIP_RUNTIME_API_EXT","hipMemGetAddressRange",96967,96967,31,144220574793395,144220574793485
"HIP_RUNTIME_API_EXT","hipPointerGetAttributes",96967,96967,32,144220574809876,144220574810076
"HIP_RUNTIME_API_EXT","hipMemGetAddressRange",96967,96967,33,144220574811186,144220574811266
"HIP_RUNTIME_API_EXT","hipPointerGetAttributes",96967,96967,34,144220574825967,144220574826537
"HIP_RUNTIME_API_EXT","hipMemGetAddressRange",96967,96967,35,144220574832907,144220574832987
"HIP_RUNTIME_API_EXT","hipPointerGetAttributes",96967,96967,36,144220574850378,144220574850568
"HIP_RUNTIME_API_EXT","hipMemGetAddressRange",96967,96967,37,144220574853069,144220574853149
"HIP_RUNTIME_API_EXT","hipDeviceSynchronize",96967,96967,38,144220574861889,144220574957645
"HIP_RUNTIME_API_EXT","hipModuleLaunchKernel",96967,96967,39,144220575034029,144220575069271
"HIP_RUNTIME_API_EXT","hipDeviceSynchronize",96967,96967,40,144220575074331,144220575140675
"HIP_RUNTIME_API_EXT","hipMemcpy",96967,96967,41,144220575171537,144220575256052
"HIP_RUNTIME_API_EXT","hipMemcpy",96967,96967,42,144220591738508,144220591992212
"HIP_RUNTIME_API_EXT","hipMemcpy",96967,96967,43,144220592063116,144220592285169
"HIP_RUNTIME_API_EXT","hipMemcpy",96967,96967,44,144220592340712,144220592502451
"HIP_RUNTIME_API_EXT","hipMemcpy",96967,96967,45,144220592555424,144220592697552
"HIP_RUNTIME_API_EXT","hipMemcpy",96967,96967,46,144220592747675,144220592889843
"HIP_RUNTIME_API_EXT","hipMemcpy",96967,96967,47,144220593070884,144220593184780
"HIP_RUNTIME_API_EXT","hipMemcpy",96967,96967,48,144220593280686,144220593393842
"HIP_RUNTIME_API_EXT","hipGetDevice",96967,96967,49,144220593568272,144220593568762
"HIP_RUNTIME_API_EXT","hipPointerGetAttributes",96967,96967,50,144220593627025,144220593628055
"HIP_RUNTIME_API_EXT","hipMemGetAddressRange",96967,96967,51,144220593631786,144220593632536
"HIP_RUNTIME_API_EXT","hipPointerGetAttributes",96967,96967,52,144220593666598,144220593666808
"HIP_RUNTIME_API_EXT","hipMemGetAddressRange",96967,96967,53,144220593668558,144220593668668
"HIP_RUNTIME_API_EXT","hipPointerGetAttributes",96967,96967,54,144220593692469,144220593692649
"HIP_RUNTIME_API_EXT","hipMemGetAddressRange",96967,96967,55,144220593694029,144220593694109
"HIP_RUNTIME_API_EXT","hipPointerGetAttributes",96967,96967,56,144220593711310,144220593711460
"HIP_RUNTIME_API_EXT","hipMemGetAddressRange",96967,96967,57,144220593713190,144220593713250
"HIP_RUNTIME_API_EXT","hipPointerGetAttributes",96967,96967,58,144220593729071,144220593729271
"HIP_RUNTIME_API_EXT","hipMemGetAddressRange",96967,96967,59,144220593730431,144220593730511
"HIP_RUNTIME_API_EXT","hipPointerGetAttributes",96967,96967,60,144220593746472,144220593746642
"HIP_RUNTIME_API_EXT","hipMemGetAddressRange",96967,96967,61,144220593747852,144220593747932
"HIP_RUNTIME_API_EXT","hipPointerGetAttributes",96967,96967,62,144220593766083,144220593766243
"HIP_RUNTIME_API_EXT","hipMemGetAddressRange",96967,96967,63,144220593767373,144220593767443
"HIP_RUNTIME_API_EXT","hipPointerGetAttributes",96967,96967,64,144220593783944,144220593784114
"HIP_RUNTIME_API_EXT","hipMemGetAddressRange",96967,96967,65,144220593785494,144220593785564
"HIP_RUNTIME_API_EXT","hipEventCreateWithFlags",96967,96967,66,144220593819786,144220593823286
"HIP_RUNTIME_API_EXT","hipEventCreateWithFlags",96967,96967,67,144220593825287,144220593825587
"HIP_RUNTIME_API_EXT","hipEventRecord",96967,96967,68,144220593830667,144220593859558
"HIP_RUNTIME_API_EXT","hipModuleLaunchKernel",96967,96967,69,144220593871029,144220593877159
"HIP_RUNTIME_API_EXT","hipModuleLaunchKernel",96967,96967,70,144220593880860,144220593881880
"HIP_RUNTIME_API_EXT","hipModuleLaunchKernel",96967,96967,71,144220593888560,144220593889600
"HIP_RUNTIME_API_EXT","hipModuleLaunchKernel",96967,96967,72,144220593891030,144220593891940
"HIP_RUNTIME_API_EXT","hipModuleLaunchKernel",96967,96967,73,144220593893410,144220593894370
"HIP_RUNTIME_API_EXT","hipModuleLaunchKernel",96967,96967,74,144220593895781,144220593897111
"HIP_RUNTIME_API_EXT","hipModuleLaunchKernel",96967,96967,75,144220593898441,144220593899751
"HIP_RUNTIME_API_EXT","hipModuleLaunchKernel",96967,96967,76,144220593901101,144220593902211
"HIP_RUNTIME_API_EXT","hipModuleLaunchKernel",96967,96967,77,144220593903551,144220593904641
"HIP_RUNTIME_API_EXT","hipModuleLaunchKernel",96967,96967,78,144220593905991,144220593907001
"HIP_RUNTIME_API_EXT","hipModuleLaunchKernel",96967,96967,79,144220593908321,144220593909441
"HIP_RUNTIME_API_EXT","hipModuleLaunchKernel",96967,96967,80,144220593910831,144220593912161
"HIP_RUNTIME_API_EXT","hipModuleLaunchKernel",96967,96967,81,144220593913502,144220593914652
"HIP_RUNTIME_API_EXT","hipModuleLaunchKernel",96967,96967,82,144220593916092,144220593917002
"HIP_RUNTIME_API_EXT","hipModuleLaunchKernel",96967,96967,83,144220593918332,144220593919402
"HIP_RUNTIME_API_EXT","hipModuleLaunchKernel",96967,96967,84,144220593920762,144220593921872
"HIP_RUNTIME_API_EXT","hipModuleLaunchKernel",96967,96967,85,144220593923232,144220593924602
"HIP_RUNTIME_API_EXT","hipModuleLaunchKernel",96967,96967,86,144220593925942,144220593926962
"HIP_RUNTIME_API_EXT","hipModuleLaunchKernel",96967,96967,87,144220593928282,144220593929632
"HIP_RUNTIME_API_EXT","hipModuleLaunchKernel",96967,96967,88,144220593930993,144220593932113
"HIP_RUNTIME_API_EXT","hipModuleLaunchKernel",96967,96967,89,144220593933453,144220593934653
"HIP_RUNTIME_API_EXT","hipModuleLaunchKernel",96967,96967,90,144220593935993,144220593937113
"HIP_RUNTIME_API_EXT","hipModuleLaunchKernel",96967,96967,91,144220593938443,144220593939913
"HIP_RUNTIME_API_EXT","hipModuleLaunchKernel",96967,96967,92,144220593941263,144220593942263
"HIP_RUNTIME_API_EXT","hipModuleLaunchKernel",96967,96967,93,144220593943633,144220593944703
"HIP_RUNTIME_API_EXT","hipModuleLaunchKernel",96967,96967,94,144220593946053,144220593947453
"HIP_RUNTIME_API_EXT","hipModuleLaunchKernel",96967,96967,95,144220593950574,144220593951944
"HIP_RUNTIME_API_EXT","hipModuleLaunchKernel",96967,96967,96,144220593953334,144220593954364
"HIP_RUNTIME_API_EXT","hipModuleLaunchKernel",96967,96967,97,144220593955714,144220593956704
"HIP_RUNTIME_API_EXT","hipModuleLaunchKernel",96967,96967,98,144220593958064,144220593958954
"HIP_RUNTIME_API_EXT","hipModuleLaunchKernel",96967,96967,99,144220593960284,144220593961334
"HIP_RUNTIME_API_EXT","hipModuleLaunchKernel",96967,96967,100,144220593962674,144220593963614
"HIP_RUNTIME_API_EXT","hipModuleLaunchKernel",96967,96967,101,144220593964964,144220593965935
"HIP_RUNTIME_API_EXT","hipModuleLaunchKernel",96967,96967,102,144220593967265,144220593968175
"HIP_RUNTIME_API_EXT","hipModuleLaunchKernel",96967,96967,103,144220593969525,144220593970625
"HIP_RUNTIME_API_EXT","hipModuleLaunchKernel",96967,96967,104,144220593971965,144220593973625
"HIP_RUNTIME_API_EXT","hipModuleLaunchKernel",96967,96967,105,144220593974955,144220593976565
"HIP_RUNTIME_API_EXT","hipModuleLaunchKernel",96967,96967,106,144220593977925,144220593979085
"HIP_RUNTIME_API_EXT","hipModuleLaunchKernel",96967,96967,107,144220593980415,144220593981365
"HIP_RUNTIME_API_EXT","hipModuleLaunchKernel",96967,96967,108,144220593982685,144220593983706
"HIP_RUNTIME_API_EXT","hipModuleLaunchKernel",96967,96967,109,144220593985036,144220593986266
"HIP_RUNTIME_API_EXT","hipModuleLaunchKernel",96967,96967,110,144220593987586,144220593988476
"HIP_RUNTIME_API_EXT","hipModuleLaunchKernel",96967,96967,111,144220593989816,144220593990956
"HIP_RUNTIME_API_EXT","hipModuleLaunchKernel",96967,96967,112,144220593992286,144220593993646
"HIP_RUNTIME_API_EXT","hipModuleLaunchKernel",96967,96967,113,144220593994966,144220593996056
"HIP_RUNTIME_API_EXT","hipModuleLaunchKernel",96967,96967,114,144220593997376,144220593998566
"HIP_RUNTIME_API_EXT","hipModuleLaunchKernel",96967,96967,115,144220593999876,144220594000876
"HIP_RUNTIME_API_EXT","hipModuleLaunchKernel",96967,96967,116,144220594002197,144220594003407
"HIP_RUNTIME_API_EXT","hipModuleLaunchKernel",96967,96967,117,144220594004737,144220594005737
"HIP_RUNTIME_API_EXT","hipModuleLaunchKernel",96967,96967,118,144220594008867,144220594009907
"HIP_RUNTIME_API_EXT","hipModuleLaunchKernel",96967,96967,119,144220594011227,144220594012457
"HIP_RUNTIME_API_EXT","hipModuleLaunchKernel",96967,96967,120,144220594013817,144220594014697
"HIP_RUNTIME_API_EXT","hipModuleLaunchKernel",96967,96967,121,144220594016027,144220594017227
"HIP_RUNTIME_API_EXT","hipModuleLaunchKernel",96967,96967,122,144220594018557,144220594019608
"HIP_RUNTIME_API_EXT","hipModuleLaunchKernel",96967,96967,123,144220594020948,144220594022078
"HIP_RUNTIME_API_EXT","hipModuleLaunchKernel",96967,96967,124,144220594023388,144220594024508
"HIP_RUNTIME_API_EXT","hipModuleLaunchKernel",96967,96967,125,144220594025858,144220594026668
"HIP_RUNTIME_API_EXT","hipModuleLaunchKernel",96967,96967,126,144220594028148,144220594029348
"HIP_RUNTIME_API_EXT","hipModuleLaunchKernel",96967,96967,127,144220594030698,144220594031798
"HIP_RUNTIME_API_EXT","hipModuleLaunchKernel",96967,96967,128,144220594033138,144220594034578
"HIP_RUNTIME_API_EXT","hipModuleLaunchKernel",96967,96967,129,144220594036189,144220594037359
"HIP_RUNTIME_API_EXT","hipModuleLaunchKernel",96967,96967,130,144220594038729,144220594039919
"HIP_RUNTIME_API_EXT","hipModuleLaunchKernel",96967,96967,131,144220594041269,144220594042259
"HIP_RUNTIME_API_EXT","hipModuleLaunchKernel",96967,96967,132,144220594043599,144220594044659
"HIP_RUNTIME_API_EXT","hipModuleLaunchKernel",96967,96967,133,144220594046029,144220594047079
"HIP_RUNTIME_API_EXT","hipModuleLaunchKernel",96967,96967,134,144220594048559,144220594050119
"HIP_RUNTIME_API_EXT","hipModuleLaunchKernel",96967,96967,135,144220594051479,144220594052529
"HIP_RUNTIME_API_EXT","hipModuleLaunchKernel",96967,96967,136,144220594053860,144220594054900
"HIP_RUNTIME_API_EXT","hipModuleLaunchKernel",96967,96967,137,144220594056280,144220594057250
"HIP_RUNTIME_API_EXT","hipModuleLaunchKernel",96967,96967,138,144220594058700,144220594059830
"HIP_RUNTIME_API_EXT","hipModuleLaunchKernel",96967,96967,139,144220594061170,144220594062180
"HIP_RUNTIME_API_EXT","hipModuleLaunchKernel",96967,96967,140,144220594063540,144220594064620
"HIP_RUNTIME_API_EXT","hipModuleLaunchKernel",96967,96967,141,144220594067510,144220594068450
"HIP_RUNTIME_API_EXT","hipModuleLaunchKernel",96967,96967,142,144220594069810,144220594070750
"HIP_RUNTIME_API_EXT","hipModuleLaunchKernel",96967,96967,143,144220594072131,144220594073611
"HIP_RUNTIME_API_EXT","hipModuleLaunchKernel",96967,96967,144,144220594074961,144220594076241
"HIP_RUNTIME_API_EXT","hipModuleLaunchKernel",96967,96967,145,144220594077581,144220594078491
"HIP_RUNTIME_API_EXT","hipModuleLaunchKernel",96967,96967,146,144220594079851,144220594081501
"HIP_RUNTIME_API_EXT","hipModuleLaunchKernel",96967,96967,147,144220594082841,144220594083951
"HIP_RUNTIME_API_EXT","hipModuleLaunchKernel",96967,96967,148,144220594085301,144220594086351
"HIP_RUNTIME_API_EXT","hipModuleLaunchKernel",96967,96967,149,144220594087711,144220594089082
"HIP_RUNTIME_API_EXT","hipModuleLaunchKernel",96967,96967,150,144220594090422,144220594091342
"HIP_RUNTIME_API_EXT","hipModuleLaunchKernel",96967,96967,151,144220594092682,144220594093612
"HIP_RUNTIME_API_EXT","hipModuleLaunchKernel",96967,96967,152,144220594094942,144220594095902
"HIP_RUNTIME_API_EXT","hipModuleLaunchKernel",96967,96967,153,144220594097262,144220594098422
"HIP_RUNTIME_API_EXT","hipModuleLaunchKernel",96967,96967,154,144220594099792,144220594101172
"HIP_RUNTIME_API_EXT","hipModuleLaunchKernel",96967,96967,155,144220594102532,144220594103552
"HIP_RUNTIME_API_EXT","hipModuleLaunchKernel",96967,96967,156,144220594104892,144220594105782
"HIP_RUNTIME_API_EXT","hipModuleLaunchKernel",96967,96967,157,144220594107143,144220594108063
"HIP_RUNTIME_API_EXT","hipModuleLaunchKernel",96967,96967,158,144220594109403,144220594110423
"HIP_RUNTIME_API_EXT","hipModuleLaunchKernel",96967,96967,159,144220594111773,144220594112583
"HIP_RUNTIME_API_EXT","hipModuleLaunchKernel",96967,96967,160,144220594113943,144220594115163
"HIP_RUNTIME_API_EXT","hipModuleLaunchKernel",96967,96967,161,144220594116503,144220594117493
"HIP_RUNTIME_API_EXT","hipModuleLaunchKernel",96967,96967,162,144220594118853,144220594119743
"HIP_RUNTIME_API_EXT","hipModuleLaunchKernel",96967,96967,163,144220594121103,144220594121993
"HIP_RUNTIME_API_EXT","hipModuleLaunchKernel",96967,96967,164,144220594124844,144220594125894
"HIP_RUNTIME_API_EXT","hipModuleLaunchKernel",96967,96967,165,144220594127254,144220594128584
"HIP_RUNTIME_API_EXT","hipModuleLaunchKernel",96967,96967,166,144220594129924,144220594131034
"HIP_RUNTIME_API_EXT","hipModuleLaunchKernel",96967,96967,167,144220594132404,144220594133584
"HIP_RUNTIME_API_EXT","hipModuleLaunchKernel",96967,96967,168,144220594134934,144220594135774
"HIP_RUNTIME_API_EXT","hipEventRecord",96967,96967,169,144220594137474,144220594140314
"HIP_RUNTIME_API_EXT","hipEventSynchronize",96967,96967,170,144220594142255,144220595048036
"HIP_RUNTIME_API_EXT","hipEventElapsedTime",96967,96967,171,144220595056416,144220595059427
"HIP_RUNTIME_API_EXT","hipEventRecord",96967,96967,172,144220595064257,144220595088158
"HIP_RUNTIME_API_EXT","hipModuleLaunchKernel",96967,96967,173,144220595096929,144220595101479
"HIP_RUNTIME_API_EXT","hipModuleLaunchKernel",96967,96967,174,144220595104029,144220595105369
"HIP_RUNTIME_API_EXT","hipModuleLaunchKernel",96967,96967,175,144220595106859,144220595107849
"HIP_RUNTIME_API_EXT","hipModuleLaunchKernel",96967,96967,176,144220595109239,144220595110180
"HIP_RUNTIME_API_EXT","hipModuleLaunchKernel",96967,96967,177,144220595111520,144220595112360
"HIP_RUNTIME_API_EXT","hipModuleLaunchKernel",96967,96967,178,144220595113730,144220595114900
"HIP_RUNTIME_API_EXT","hipModuleLaunchKernel",96967,96967,179,144220595116250,144220595117190
"HIP_RUNTIME_API_EXT","hipModuleLaunchKernel",96967,96967,180,144220595118520,144220595119670
"HIP_RUNTIME_API_EXT","hipModuleLaunchKernel",96967,96967,181,144220595121010,144220595122170
"HIP_RUNTIME_API_EXT","hipModuleLaunchKernel",96967,96967,182,144220595123520,144220595124850
"HIP_RUNTIME_API_EXT","hipModuleLaunchKernel",96967,96967,183,144220595126180,144220595127420
"HIP_RUNTIME_API_EXT","hipModuleLaunchKernel",96967,96967,184,144220595128751,144220595129881
"HIP_RUNTIME_API_EXT","hipModuleLaunchKernel",96967,96967,185,144220595131241,144220595132171
"HIP_RUNTIME_API_EXT","hipModuleLaunchKernel",96967,96967,186,144220595133491,144220595134481
"HIP_RUNTIME_API_EXT","hipModuleLaunchKernel",96967,96967,187,144220595135821,144220595137231
"HIP_RUNTIME_API_EXT","hipModuleLaunchKernel",96967,96967,188,144220595143151,144220595144221
"HIP_RUNTIME_API_EXT","hipModuleLaunchKernel",96967,96967,189,144220595145562,144220595146702
"HIP_RUNTIME_API_EXT","hipModuleLaunchKernel",96967,96967,190,144220595148092,144220595148992
"HIP_RUNTIME_API_EXT","hipModuleLaunchKernel",96967,96967,191,144220595150352,144220595151352
"HIP_RUNTIME_API_EXT","hipModuleLaunchKernel",96967,96967,192,144220595152702,144220595153812
"HIP_RUNTIME_API_EXT","hipModuleLaunchKernel",96967,96967,193,144220595155482,144220595156422
"HIP_RUNTIME_API_EXT","hipModuleLaunchKernel",96967,96967,194,144220595157812,144220595158922
"HIP_RUNTIME_API_EXT","hipModuleLaunchKernel",96967,96967,195,144220595160262,144220595161262
"HIP_RUNTIME_API_EXT","hipModuleLaunchKernel",96967,96967,196,144220595162592,144220595163763
"HIP_RUNTIME_API_EXT","hipModuleLaunchKernel",96967,96967,197,144220595165103,144220595166573
"HIP_RUNTIME_API_EXT","hipModuleLaunchKernel",96967,96967,198,144220595167913,144220595168983
"HIP_RUNTIME_API_EXT","hipModuleLaunchKernel",96967,96967,199,144220595170313,144220595171233
"HIP_RUNTIME_API_EXT","hipModuleLaunchKernel",96967,96967,200,144220595172573,144220595173753
"HIP_RUNTIME_API_EXT","hipModuleLaunchKernel",96967,96967,201,144220595175093,144220595176083
"HIP_RUNTIME_API_EXT","hipModuleLaunchKernel",96967,96967,202,144220595177403,144220595178573
"HIP_RUNTIME_API_EXT","hipModuleLaunchKernel",96967,96967,203,144220595179893,144220595181124
"HIP_RUNTIME_API_EXT","hipModuleLaunchKernel",96967,96967,204,144220595182454,144220595183724
"HIP_RUNTIME_API_EXT","hipModuleLaunchKernel",96967,96967,205,144220595185044,144220595186034
"HIP_RUNTIME_API_EXT","hipModuleLaunchKernel",96967,96967,206,144220595187374,144220595188374
"HIP_RUNTIME_API_EXT","hipModuleLaunchKernel",96967,96967,207,144220595189684,144220595190674
"HIP_RUNTIME_API_EXT","hipModuleLaunchKernel",96967,96967,208,144220595191994,144220595193304
"HIP_RUNTIME_API_EXT","hipModuleLaunchKernel",96967,96967,209,144220595194734,144220595196084
"HIP_RUNTIME_API_EXT","hipModuleLaunchKernel",96967,96967,210,144220595197414,144220595198705
"HIP_RUNTIME_API_EXT","hipModuleLaunchKernel",96967,96967,211,144220595201865,144220595202955
"HIP_RUNTIME_API_EXT","hipModuleLaunchKernel",96967,96967,212,144220595204305,144220595205565
"HIP_RUNTIME_API_EXT","hipModuleLaunchKernel",96967,96967,213,144220595206905,144220595208315
"HIP_RUNTIME_API_EXT","hipModuleLaunchKernel",96967,96967,214,144220595209665,144220595210655
"HIP_RUNTIME_API_EXT","hipModuleLaunchKernel",96967,96967,215,144220595211995,144220595212915
"HIP_RUNTIME_API_EXT","hipModuleLaunchKernel",96967,96967,216,144220595214245,144220595215315
"HIP_RUNTIME_API_EXT","hipModuleLaunchKernel",96967,96967,217,144220595216676,144220595217736
"HIP_RUNTIME_API_EXT","hipModuleLaunchKernel",96967,96967,218,144220595219076,144220595220026
"HIP_RUNTIME_API_EXT","hipModuleLaunchKernel",96967,96967,219,144220595221376,144220595222266
"HIP_RUNTIME_API_EXT","hipModuleLaunchKernel",96967,96967,220,144220595223616,144220595224976
"HIP_RUNTIME_API_EXT","hipModuleLaunchKernel",96967,96967,221,144220595226306,144220595227616
"HIP_RUNTIME_API_EXT","hipModuleLaunchKernel",96967,96967,222,144220595228936,144220595230206
"HIP_RUNTIME_API_EXT","hipModuleLaunchKernel",96967,96967,223,144220595231526,144220595232686
"HIP_RUNTIME_API_EXT","hipModuleLaunchKernel",96967,96967,224,144220595234037,144220595235337
"HIP_RUNTIME_API_EXT","hipModuleLaunchKernel",96967,96967,225,144220595236697,144220595238167
"HIP_RUNTIME_API_EXT","hipModuleLaunchKernel",96967,96967,226,144220595239507,144220595240847
"HIP_RUNTIME_API_EXT","hipModuleLaunchKernel",96967,96967,227,144220595242197,144220595243137
"HIP_RUNTIME_API_EXT","hipModuleLaunchKernel",96967,96967,228,144220595244487,144220595245847
"HIP_RUNTIME_API_EXT","hipModuleLaunchKernel",96967,96967,229,144220595247177,144220595248557
"HIP_RUNTIME_API_EXT","hipModuleLaunchKernel",96967,96967,230,144220595249897,144220595250947
"HIP_RUNTIME_API_EXT","hipModuleLaunchKernel",96967,96967,231,144220595252288,144220595253508
"HIP_RUNTIME_API_EXT","hipModuleLaunchKernel",96967,96967,232,144220595254858,144220595255988
"HIP_RUNTIME_API_EXT","hipModuleLaunchKernel",96967,96967,233,144220595257328,144220595258248
"HIP_RUNTIME_API_EXT","hipModuleLaunchKernel",96967,96967,234,144220595261168,144220595262068
"HIP_RUNTIME_API_EXT","hipModuleLaunchKernel",96967,96967,235,144220595263418,144220595264348
"HIP_RUNTIME_API_EXT","hipModuleLaunchKernel",96967,96967,236,144220595265698,144220595266968
"HIP_RUNTIME_API_EXT","hipModuleLaunchKernel",96967,96967,237,144220595268308,144220595269249
"HIP_RUNTIME_API_EXT","hipModuleLaunchKernel",96967,96967,238,144220595270579,144220595271479
"HIP_RUNTIME_API_EXT","hipModuleLaunchKernel",96967,96967,239,144220595272809,144220595273929
"HIP_RUNTIME_API_EXT","hipModuleLaunchKernel",96967,96967,240,144220595275249,144220595276489
"HIP_RUNTIME_API_EXT","hipModuleLaunchKernel",96967,96967,241,144220595277829,144220595279049
"HIP_RUNTIME_API_EXT","hipModuleLaunchKernel",96967,96967,242,144220595280369,144220595281759
"HIP_RUNTIME_API_EXT","hipModuleLaunchKernel",96967,96967,243,144220595283099,144220595284189
"HIP_RUNTIME_API_EXT","hipModuleLaunchKernel",96967,96967,244,144220595285519,144220595286680
"HIP_RUNTIME_API_EXT","hipModuleLaunchKernel",96967,96967,245,144220595288010,144220595289230
"HIP_RUNTIME_API_EXT","hipModuleLaunchKernel",96967,96967,246,144220595290580,144220595291860
"HIP_RUNTIME_API_EXT","hipModuleLaunchKernel",96967,96967,247,144220595293170,144220595294240
"HIP_RUNTIME_API_EXT","hipModuleLaunchKernel",96967,96967,248,144220595295580,144220595296760
"HIP_RUNTIME_API_EXT","hipModuleLaunchKernel",96967,96967,249,144220595298080,144220595299390
"HIP_RUNTIME_API_EXT","hipModuleLaunchKernel",96967,96967,250,144220595300700,144220595301690
"HIP_RUNTIME_API_EXT","hipModuleLaunchKernel",96967,96967,251,144220595303010,144220595303901
"HIP_RUNTIME_API_EXT","hipModuleLaunchKernel",96967,96967,252,144220595305231,144220595306301
"HIP_RUNTIME_API_EXT","hipModuleLaunchKernel",96967,96967,253,144220595307651,144220595308581
"HIP_RUNTIME_API_EXT","hipModuleLaunchKernel",96967,96967,254,144220595309921,144220595310841
"HIP_RUNTIME_API_EXT","hipModuleLaunchKernel",96967,96967,255,144220595312191,144220595313181
"HIP_RUNTIME_API_EXT","hipModuleLaunchKernel",96967,96967,256,144220595314541,144220595315661
"HIP_RUNTIME_API_EXT","hipModuleLaunchKernel",96967,96967,257,144220595317131,144220595318141
"HIP_RUNTIME_API_EXT","hipModuleLaunchKernel",96967,96967,258,144220595321041,144220595322472
"HIP_RUNTIME_API_EXT","hipModuleLaunchKernel",96967,96967,259,144220595323792,144220595324732
"HIP_RUNTIME_API_EXT","hipModuleLaunchKernel",96967,96967,260,144220595326072,144220595327052
"HIP_RUNTIME_API_EXT","hipModuleLaunchKernel",96967,96967,261,144220595328362,144220595329562
"HIP_RUNTIME_API_EXT","hipModuleLaunchKernel",96967,96967,262,144220595331052,144220595332232
"HIP_RUNTIME_API_EXT","hipModuleLaunchKernel",96967,96967,263,144220595333592,144220595334572
"HIP_RUNTIME_API_EXT","hipModuleLaunchKernel",96967,96967,264,144220595335912,144220595337362
"HIP_RUNTIME_API_EXT","hipModuleLaunchKernel",96967,96967,265,144220595338732,144220595340023
"HIP_RUNTIME_API_EXT","hipModuleLaunchKernel",96967,96967,266,144220595341343,144220595342583
"HIP_RUNTIME_API_EXT","hipModuleLaunchKernel",96967,96967,267,144220595343893,144220595345133
"HIP_RUNTIME_API_EXT","hipModuleLaunchKernel",96967,96967,268,144220595346483,144220595347753
"HIP_RUNTIME_API_EXT","hipModuleLaunchKernel",96967,96967,269,144220595349103,144220595350093
"HIP_RUNTIME_API_EXT","hipModuleLaunchKernel",96967,96967,270,144220595351653,144220595352753
"HIP_RUNTIME_API_EXT","hipModuleLaunchKernel",96967,96967,271,144220595354063,144220595355193
"HIP_RUNTIME_API_EXT","hipModuleLaunchKernel",96967,96967,272,144220595356523,144220595357804
"HIP_RUNTIME_API_EXT","hipEventRecord",96967,96967,273,144220595359524,144220595361884
"HIP_RUNTIME_API_EXT","hipEventSynchronize",96967,96967,274,144220595363164,144220596259095
"HIP_RUNTIME_API_EXT","hipEventElapsedTime",96967,96967,275,144220596262305,144220596263295
"HIP_RUNTIME_API_EXT","hipEventRecord",96967,96967,276,144220596265645,144220596286926
"HIP_RUNTIME_API_EXT","hipModuleLaunchKernel",96967,96967,277,144220596295297,144220596299697
"HIP_RUNTIME_API_EXT","hipModuleLaunchKernel",96967,96967,278,144220596302167,144220596303567
"HIP_RUNTIME_API_EXT","hipModuleLaunchKernel",96967,96967,279,144220596305047,144220596306007
"HIP_RUNTIME_API_EXT","hipModuleLaunchKernel",96967,96967,280,144220596307368,144220596308338
"HIP_RUNTIME_API_EXT","hipModuleLaunchKernel",96967,96967,281,144220596314268,144220596315358
"HIP_RUNTIME_API_EXT","hipModuleLaunchKernel",96967,96967,282,144220596316708,144220596318008
"HIP_RUNTIME_API_EXT","hipModuleLaunchKernel",96967,96967,283,144220596319348,144220596320268
"HIP_RUNTIME_API_EXT","hipModuleLaunchKernel",96967,96967,284,144220596321588,144220596322858
"HIP_RUNTIME_API_EXT","hipModuleLaunchKernel",96967,96967,285,144220596324198,144220596325519
"HIP_RUNTIME_API_EXT","hipModuleLaunchKernel",96967,96967,286,144220596326929,144220596328369
"HIP_RUNTIME_API_EXT","hipModuleLaunchKernel",96967,96967,287,144220596329719,144220596331549
"HIP_RUNTIME_API_EXT","hipModuleLaunchKernel",96967,96967,288,144220596332919,144220596333999
"HIP_RUNTIME_API_EXT","hipModuleLaunchKernel",96967,96967,289,144220596335349,144220596336559
"HIP_RUNTIME_API_EXT","hipModuleLaunchKernel",96967,96967,290,144220596337909,144220596339239
"HIP_RUNTIME_API_EXT","hipModuleLaunchKernel",96967,96967,291,144220596340589,144220596341959
"HIP_RUNTIME_API_EXT","hipModuleLaunchKernel",96967,96967,292,144220596343290,144220596344700
"HIP_RUNTIME_API_EXT","hipModuleLaunchKernel",96967,96967,293,144220596346060,144220596347120
"HIP_RUNTIME_API_EXT","hipModuleLaunchKernel",96967,96967,294,144220596348560,144220596349980
"HIP_RUNTIME_API_EXT","hipModuleLaunchKernel",96967,96967,295,144220596351360,144220596352810
"HIP_RUNTIME_API_EXT","hipModuleLaunchKernel",96967,96967,296,144220596354180,144220596355230
"HIP_RUNTIME_API_EXT","hipModuleLaunchKernel",96967,96967,297,144220596356550,144220596357750
"HIP_RUNTIME_API_EXT","hipModuleLaunchKernel",96967,96967,298,144220596359220,144220596360401
"HIP_RUNTIME_API_EXT","hipModuleLaunchKernel",96967,96967,299,144220596361741,144220596362731
"HIP_RUNTIME_API_EXT","hipModuleLaunchKernel",96967,96967,300,144220596364061,144220596365351
"HIP_RUNTIME_API_EXT","hipModuleLaunchKernel",96967,96967,301,144220596366671,144220596367661
"HIP_RUNTIME_API_EXT","hipModuleLaunchKernel",96967,96967,302,144220596369011,144220596370191
"HIP_RUNTIME_API_EXT","hipModuleLaunchKernel",96967,96967,303,144220596371521,144220596372481
"HIP_RUNTIME_API_EXT","hipModuleLaunchKernel",96967,96967,304,144220596375841,144220596376861
"HIP_RUNTIME_API_EXT","hipModuleLaunchKernel",96967,96967,305,144220596378192,144220596379882
"HIP_RUNTIME_API_EXT","hipModuleLaunchKernel",96967,96967,306,144220596381222,144220596382712
"HIP_RUNTIME_API_EXT","hipModuleLaunchKernel",96967,96967,307,144220596384052,144220596385012
"HIP_RUNTIME_API_EXT","hipModuleLaunchKernel",96967,96967,308,144220596386362,144220596387452
"HIP_RUNTIME_API_EXT","hipModuleLaunchKernel",96967,96967,309,144220596388782,144220596390032
"HIP_RUNTIME_API_EXT","hipModuleLaunchKernel",96967,96967,310,144220596391392,144220596392812
"HIP_RUNTIME_API_EXT","hipModuleLaunchKernel",96967,96967,311,144220596394172,144220596395242
"HIP_RUNTIME_API_EXT","hipModuleLaunchKernel",96967,96967,312,144220596396583,144220596397813
"HIP_RUNTIME_API_EXT","hipModuleLaunchKernel",96967,96967,313,144220596399143,144220596400253
"HIP_RUNTIME_API_EXT","hipModuleLaunchKernel",96967,96967,314,144220596401603,144220596402993
"HIP_RUNTIME_API_EXT","hipModuleLaunchKernel",96967,96967,315,144220596404343,144220596405783
"HIP_RUNTIME_API_EXT","hipModuleLaunchKernel",96967,96967,316,144220596407133,144220596408193
"HIP_RUNTIME_API_EXT","hipModuleLaunchKernel",96967,96967,317,144220596409543,144220596410733
"HIP_RUNTIME_API_EXT","hipModuleLaunchKernel",96967,96967,318,144220596412053,144220596413604
"HIP_RUNTIME_API_EXT","hipModuleLaunchKernel",96967,96967,319,144220596414964,144220596416044
"HIP_RUNTIME_API_EXT","hipModuleLaunchKernel",96967,96967,320,144220596417384,144220596418354
"HIP_RUNTIME_API_EXT","hipModuleLaunchKernel",96967,96967,321,144220596419804,144220596420914
"HIP_RUNTIME_API_EXT","hipModuleLaunchKernel",96967,96967,322,144220596422264,144220596423554
"HIP_RUNTIME_API_EXT","hipModuleLaunchKernel",96967,96967,323,144220596424924,144220596426104
"HIP_RUNTIME_API_EXT","hipModuleLaunchKernel",96967,96967,324,144220596427624,144220596429314
"HIP_RUNTIME_API_EXT","hipModuleLaunchKernel",96967,96967,325,144220596430695,144220596432435
"HIP_RUNTIME_API_EXT","hipModuleLaunchKernel",96967,96967,326,144220596433795,144220596434925
"HIP_RUNTIME_API_EXT","hipModuleLaunchKernel",96967,96967,327,144220596437805,144220596438965
"HIP_RUNTIME_API_EXT","hipModuleLaunchKernel",96967,96967,328,144220596440305,144220596441415
"HIP_RUNTIME_API_EXT","hipModuleLaunchKernel",96967,96967,329,144220596442775,144220596443755
"HIP_RUNTIME_API_EXT","hipModuleLaunchKernel",96967,96967,330,144220596445095,144220596445945
"HIP_RUNTIME_API_EXT","hipModuleLaunchKernel",96967,96967,331,144220596447285,144220596448866
"HIP_RUNTIME_API_EXT","hipModuleLaunchKernel",96967,96967,332,144220596450216,144220596451476
"HIP_RUNTIME_API_EXT","hipModuleLaunchKernel",96967,96967,333,144220596452816,144220596453846
"HIP_RUNTIME_API_EXT","hipModuleLaunchKernel",96967,96967,334,144220596455196,144220596456196
"HIP_RUNTIME_API_EXT","hipModuleLaunchKernel",96967,96967,335,144220596457526,144220596458826
"HIP_RUNTIME_API_EXT","hipModuleLaunchKernel",96967,96967,336,144220596460166,144220596461156
"HIP_RUNTIME_API_EXT","hipModuleLaunchKernel",96967,96967,337,144220596462506,144220596463806
"HIP_RUNTIME_API_EXT","hipModuleLaunchKernel",96967,96967,338,144220596465176,144220596466237
"HIP_RUNTIME_API_EXT","hipModuleLaunchKernel",96967,96967,339,144220596467587,144220596468557
"HIP_RUNTIME_API_EXT","hipModuleLaunchKernel",96967,96967,340,144220596469917,144220596471097
"HIP_RUNTIME_API_EXT","hipModuleLaunchKernel",96967,96967,341,144220596472467,144220596473627
"HIP_RUNTIME_API_EXT","hipModuleLaunchKernel",96967,96967,342,144220596474977,144220596476427
"HIP_RUNTIME_API_EXT","hipModuleLaunchKernel",96967,96967,343,144220596477787,144220596478927
"HIP_RUNTIME_API_EXT","hipModuleLaunchKernel",96967,96967,344,144220596480277,144220596481247
"HIP_RUNTIME_API_EXT","hipModuleLaunchKernel",96967,96967,345,144220596482587,144220596483638
"HIP_RUNTIME_API_EXT","hipModuleLaunchKernel",96967,96967,346,144220596484968,144220596485958
"HIP_RUNTIME_API_EXT","hipModuleLaunchKernel",96967,96967,347,144220596487308,144220596488678
"HIP_RUNTIME_API_EXT","hipModuleLaunchKernel",96967,96967,348,144220596489998,144220596490958
"HIP_RUNTIME_API_EXT","hipModuleLaunchKernel",96967,96967,349,144220596492288,144220596493258
"HIP_RUNTIME_API_EXT","hipModuleLaunchKernel",96967,96967,350,144220596494588,144220596495918
"HIP_RUNTIME_API_EXT","hipModuleLaunchKernel",96967,96967,351,144220596539331,144220596543851
"HIP_RUNTIME_API_EXT","hipModuleLaunchKernel",96967,96967,352,144220596550361,144220596551911
"HIP_RUNTIME_API_EXT","hipModuleLaunchKernel",96967,96967,353,144220596553381,144220596554732
"HIP_RUNTIME_API_EXT","hipModuleLaunchKernel",96967,96967,354,144220596556072,144220596557082
"HIP_RUNTIME_API_EXT","hipModuleLaunchKernel",96967,96967,355,144220596558542,144220596559522
"HIP_RUNTIME_API_EXT","hipModuleLaunchKernel",96967,96967,356,144220596560852,144220596562372
"HIP_RUNTIME_API_EXT","hipModuleLaunchKernel",96967,96967,357,144220596563722,144220596564702
"HIP_RUNTIME_API_EXT","hipModuleLaunchKernel",96967,96967,358,144220596566042,144220596567362
"HIP_RUNTIME_API_EXT","hipModuleLaunchKernel",96967,96967,359,144220596568812,144220596570122
"HIP_RUNTIME_API_EXT","hipModuleLaunchKernel",96967,96967,360,144220596571453,144220596572383
"HIP_RUNTIME_API_EXT","hipModuleLaunchKernel",96967,96967,361,144220596573723,144220596574673
"HIP_RUNTIME_API_EXT","hipModuleLaunchKernel",96967,96967,362,144220596576013,144220596576983
"HIP_RUNTIME_API_EXT","hipModuleLaunchKernel",96967,96967,363,144220596578423,144220596579763
"HIP_RUNTIME_API_EXT","hipModuleLaunchKernel",96967,96967,364,144220596581103,144220596582033
"HIP_RUNTIME_API_EXT","hipModuleLaunchKernel",96967,96967,365,144220596583383,144220596584323
"HIP_RUNTIME_API_EXT","hipModuleLaunchKernel",96967,96967,366,144220596585673,144220596586723
"HIP_RUNTIME_API_EXT","hipModuleLaunchKernel",96967,96967,367,144220596588173,144220596589464
"HIP_RUNTIME_API_EXT","hipModuleLaunchKernel",96967,96967,368,144220596590824,144220596592184
"HIP_RUNTIME_API_EXT","hipModuleLaunchKernel",96967,96967,369,144220596593524,144220596594704
"HIP_RUNTIME_API_EXT","hipModuleLaunchKernel",96967,96967,370,144220596596034,144220596596964
"HIP_RUNTIME_API_EXT","hipModuleLaunchKernel",96967,96967,371,144220596598324,144220596599294
"HIP_RUNTIME_API_EXT","hipModuleLaunchKernel",96967,96967,372,144220596600634,144220596601764
"HIP_RUNTIME_API_EXT","hipModuleLaunchKernel",96967,96967,373,144220596603114,144220596604354
"HIP_RUNTIME_API_EXT","hipModuleLaunchKernel",96967,96967,374,144220596605694,144220596606795
"HIP_RUNTIME_API_EXT","hipModuleLaunchKernel",96967,96967,375,144220596609905,144220596610925
"HIP_RUNTIME_API_EXT","hipModuleLaunchKernel",96967,96967,376,144220596612275,144220596613515
"HIP_RUNTIME_API_EXT","hipEventRecord",96967,96967,377,144220596615065,144220596617785
"HIP_RUNTIME_API_EXT","hipEventSynchronize",96967,96967,378,144220596619305,144220597511666
"HIP_RUNTIME_API_EXT","hipEventElapsedTime",96967,96967,379,144220597518796,144220597519906
"HIP_RUNTIME_API_EXT","hipEventRecord",96967,96967,380,144220597522707,144220597545808
"HIP_RUNTIME_API_EXT","hipModuleLaunchKernel",96967,96967,381,144220597554058,144220597558379
"HIP_RUNTIME_API_EXT","hipModuleLaunchKernel",96967,96967,382,144220597560859,144220597562199
"HIP_RUNTIME_API_EXT","hipModuleLaunchKernel",96967,96967,383,144220597563679,144220597564729
"HIP_RUNTIME_API_EXT","hipModuleLaunchKernel",96967,96967,384,144220597566169,144220597567239
"HIP_RUNTIME_API_EXT","hipModuleLaunchKernel",96967,96967,385,144220597568749,144220597569849
"HIP_RUNTIME_API_EXT","hipModuleLaunchKernel",96967,96967,386,144220597571189,144220597572459
"HIP_RUNTIME_API_EXT","hipModuleLaunchKernel",96967,96967,387,144220597574189,144220597575100
"HIP_RUNTIME_API_EXT","hipModuleLaunchKernel",96967,96967,388,144220597576430,144220597577700
"HIP_RUNTIME_API_EXT","hipModuleLaunchKernel",96967,96967,389,144220597579050,144220597580450
"HIP_RUNTIME_API_EXT","hipModuleLaunchKernel",96967,96967,390,144220597581770,144220597582760
"HIP_RUNTIME_API_EXT","hipModuleLaunchKernel",96967,96967,391,144220597584070,144220597585000
"HIP_RUNTIME_API_EXT","hipModuleLaunchKernel",96967,96967,392,144220597586330,144220597587850
"HIP_RUNTIME_API_EXT","hipModuleLaunchKernel",96967,96967,393,144220597589180,144220597590720
"HIP_RUNTIME_API_EXT","hipModuleLaunchKernel",96967,96967,394,144220597592060,144220597592991
"HIP_RUNTIME_API_EXT","hipModuleLaunchKernel",96967,96967,395,144220597594321,144220597595581
"HIP_RUNTIME_API_EXT","hipModuleLaunchKernel",96967,96967,396,144220597597201,144220597598651
"HIP_RUNTIME_API_EXT","hipModuleLaunchKernel",96967,96967,397,144220597599981,144220597601091
"HIP_RUNTIME_API_EXT","hipModuleLaunchKernel",96967,96967,398,144220597607001,144220597607961
"HIP_RUNTIME_API_EXT","hipModuleLaunchKernel",96967,96967,399,144220597609461,144220597610872
"HIP_RUNTIME_API_EXT","hipModuleLaunchKernel",96967,96967,400,144220597612192,144220597613422
"HIP_RUNTIME_API_EXT","hipModuleLaunchKernel",96967,96967,401,144220597614742,144220597615992
"HIP_RUNTIME_API_EXT","hipModuleLaunchKernel",96967,96967,402,144220597617322,144220597618652
"HIP_RUNTIME_API_EXT","hipModuleLaunchKernel",96967,96967,403,144220597619972,144220597620902
"HIP_RUNTIME_API_EXT","hipModuleLaunchKernel",96967,96967,404,144220597622382,144220597623612
"HIP_RUNTIME_API_EXT","hipModuleLaunchKernel",96967,96967,405,144220597624942,144220597626352
"HIP_RUNTIME_API_EXT","hipModuleLaunchKernel",96967,96967,406,144220597627672,144220597628833
"HIP_RUNTIME_API_EXT","hipModuleLaunchKernel",96967,96967,407,144220597630253,144220597631393
"HIP_RUNTIME_API_EXT","hipModuleLaunchKernel",96967,96967,408,144220597632713,144220597633723
"HIP_RUNTIME_API_EXT","hipModuleLaunchKernel",96967,96967,409,144220597635043,144220597636033
"HIP_RUNTIME_API_EXT","hipModuleLaunchKernel",96967,96967,410,144220597637353,144220597638693
"HIP_RUNTIME_API_EXT","hipModuleLaunchKernel",96967,96967,411,144220597640123,144220597641183
"HIP_RUNTIME_API_EXT","hipModuleLaunchKernel",96967,96967,412,144220597642503,144220597643693
"HIP_RUNTIME_API_EXT","hipModuleLaunchKernel",96967,96967,413,144220597645153,144220597646114
"HIP_RUNTIME_API_EXT","hipModuleLaunchKernel",96967,96967,414,144220597647444,144220597648604
"HIP_RUNTIME_API_EXT","hipModuleLaunchKernel",96967,96967,415,144220597649924,144220597651224
"HIP_RUNTIME_API_EXT","hipModuleLaunchKernel",96967,96967,416,144220597652534,144220597653844
"HIP_RUNTIME_API_EXT","hipModuleLaunchKernel",96967,96967,417,144220597655144,144220597656144
"HIP_RUNTIME_API_EXT","hipModuleLaunchKernel",96967,96967,418,144220597657464,144220597658494
"HIP_RUNTIME_API_EXT","hipModuleLaunchKernel",96967,96967,419,144220597659834,144220597660884
"HIP_RUNTIME_API_EXT","hipModuleLaunchKernel",96967,96967,420,144220597662214,144220597663585
"HIP_RUNTIME_API_EXT","hipModuleLaunchKernel",96967,96967,421,144220597666865,144220597667825
"HIP_RUNTIME_API_EXT","hipModuleLaunchKernel",96967,96967,422,144220597669135,144220597670215
"HIP_RUNTIME_API_EXT","hipModuleLaunchKernel",96967,96967,423,144220597671535,144220597672735
"HIP_RUNTIME_API_EXT","hipModuleLaunchKernel",96967,96967,424,144220597674065,144220597675115
"HIP_RUNTIME_API_EXT","hipModuleLaunchKernel",96967,96967,425,144220597676455,144220597677905
"HIP_RUNTIME_API_EXT","hipModuleLaunchKernel",96967,96967,426,144220597679225,144220597680395
"HIP_RUNTIME_API_EXT","hipModuleLaunchKernel",96967,96967,427,144220597681726,144220597682906
"HIP_RUNTIME_API_EXT","hipModuleLaunchKernel",96967,96967,428,144220597684226,144220597685336
"HIP_RUNTIME_API_EXT","hipModuleLaunchKernel",96967,96967,429,144220597686656,144220597687826
"HIP_RUNTIME_API_EXT","hipModuleLaunchKernel",96967,96967,430,144220597689296,144220597690316
"HIP_RUNTIME_API_EXT","hipModuleLaunchKernel",96967,96967,431,144220597691626,144220597692696
"HIP_RUNTIME_API_EXT","hipModuleLaunchKernel",96967,96967,432,144220597694006,144220597695316
"HIP_RUNTIME_API_EXT","hipModuleLaunchKernel",96967,96967,433,144220597696646,144220597697896
"HIP_RUNTIME_API_EXT","hipModuleLaunchKernel",96967,96967,434,144220597699217,144220597700277
"HIP_RUNTIME_API_EXT","hipModuleLaunchKernel",96967,96967,435,144220597701607,144220597702867
"HIP_RUNTIME_API_EXT","hipModuleLaunchKernel",96967,96967,436,144220597704197,144220597705337
"HIP_RUNTIME_API_EXT","hipModuleLaunchKernel",96967,96967,437,144220597706667,144220597707977
"HIP_RUNTIME_API_EXT","hipModuleLaunchKernel",96967,96967,438,144220597709377,144220597710607
"HIP_RUNTIME_API_EXT","hipModuleLaunchKernel",96967,96967,439,144220597711927,144220597712917
"HIP_RUNTIME_API_EXT","hipModuleLaunchKernel",96967,96967,440,144220597714227,144220597715387
"HIP_RUNTIME_API_EXT","hipModuleLaunchKernel",96967,96967,441,144220597716708,144220597718428
"HIP_RUNTIME_API_EXT","hipModuleLaunchKernel",96967,96967,442,144220597719738,144220597721028
"HIP_RUNTIME_API_EXT","hipModuleLaunchKernel",96967,96967,443,144220597722328,144220597723448
"HIP_RUNTIME_API_EXT","hipModuleLaunchKernel",96967,96967,444,144220597724778,144220597726018
"HIP_RUNTIME_API_EXT","hipModuleLaunchKernel",96967,96967,445,144220597729018,144220597729998
"HIP_RUNTIME_API_EXT","hipModuleLaunchKernel",96967,96967,446,144220597731338,144220597732668
"HIP_RUNTIME_API_EXT","hipModuleLaunchKernel",96967,96967,447,144220597734149,144220597735479
"HIP_RUNTIME_API_EXT","hipModuleLaunchKernel",96967,96967,448,144220597736799,144220597737859
"HIP_RUNTIME_API_EXT","hipModuleLaunchKernel",96967,96967,449,144220597739229,144220597740569
"HIP_RUNTIME_API_EXT","hipModuleLaunchKernel",96967,96967,450,144220597741909,144220597742859
"HIP_RUNTIME_API_EXT","hipModuleLaunchKernel",96967,96967,451,144220597744179,144220597745499
"HIP_RUNTIME_API_EXT","hipModuleLaunchKernel",96967,96967,452,144220597746809,144220597747729
"HIP_RUNTIME_API_EXT","hipModuleLaunchKernel",96967,96967,453,144220597749069,144220597750139
"HIP_RUNTIME_API_EXT","hipModuleLaunchKernel",96967,96967,454,144220597751450,144220597752700
"HIP_RUNTIME_API_EXT","hipModuleLaunchKernel",96967,96967,455,144220597754110,144220597754980
"HIP_RUNTIME_API_EXT","hipModuleLaunchKernel",96967,96967,456,144220597756270,144220597757170
"HIP_RUNTIME_API_EXT","hipModuleLaunchKernel",96967,96967,457,144220597758500,144220597759760
"HIP_RUNTIME_API_EXT","hipModuleLaunchKernel",96967,96967,458,144220597761070,144220597762450
"HIP_RUNTIME_API_EXT","hipModuleLaunchKernel",96967,96967,459,144220597763770,144220597764720
"HIP_RUNTIME_API_EXT","hipModuleLaunchKernel",96967,96967,460,144220597766020,144220597767330
"HIP_RUNTIME_API_EXT","hipModuleLaunchKernel",96967,96967,461,144220597768651,144220597769521
"HIP_RUNTIME_API_EXT","hipModuleLaunchKernel",96967,96967,462,144220597770831,144220597771751
"HIP_RUNTIME_API_EXT","hipModuleLaunchKernel",96967,96967,463,144220597773071,144220597774331
"HIP_RUNTIME_API_EXT","hipModuleLaunchKernel",96967,96967,464,144220597775801,144220597776901
"HIP_RUNTIME_API_EXT","hipModuleLaunchKernel",96967,96967,465,144220597778231,144220597779171
"HIP_RUNTIME_API_EXT","hipModuleLaunchKernel",96967,96967,466,144220597780511,144220597781551
"HIP_RUNTIME_API_EXT","hipModuleLaunchKernel",96967,96967,467,144220597782861,144220597783971
"HIP_RUNTIME_API_EXT","hipModuleLaunchKernel",96967,96967,468,144220597787022,144220597787962
"HIP_RUNTIME_API_EXT","hipModuleLaunchKernel",96967,96967,469,144220597789282,144220597790342
"HIP_RUNTIME_API_EXT","hipModuleLaunchKernel",96967,96967,470,144220597791652,144220597792552
"HIP_RUNTIME_API_EXT","hipModuleLaunchKernel",96967,96967,471,144220597793862,144220597795062
"HIP_RUNTIME_API_EXT","hipModuleLaunchKernel",96967,96967,472,144220597796602,144220597797672
"HIP_RUNTIME_API_EXT","hipModuleLaunchKernel",96967,96967,473,144220597798982,144220597800402
"HIP_RUNTIME_API_EXT","hipModuleLaunchKernel",96967,96967,474,144220597801702,144220597802672
"HIP_RUNTIME_API_EXT","hipModuleLaunchKernel",96967,96967,475,144220597803973,144220597805053
"HIP_RUNTIME_API_EXT","hipModuleLaunchKernel",96967,96967,476,144220597806383,144220597807263
"HIP_RUNTIME_API_EXT","hipModuleLaunchKernel",96967,96967,477,144220597808583,144220597809703
"HIP_RUNTIME_API_EXT","hipModuleLaunchKernel",96967,96967,478,144220597811023,144220597812143
"HIP_RUNTIME_API_EXT","hipModuleLaunchKernel",96967,96967,479,144220597813453,144220597814633
"HIP_RUNTIME_API_EXT","hipModuleLaunchKernel",96967,96967,480,144220597815973,144220597817253
"HIP_RUNTIME_API_EXT","hipEventRecord",96967,96967,481,144220597818843,144220597821173
"HIP_RUNTIME_API_EXT","hipEventSynchronize",96967,96967,482,144220597822154,144220598740366
"HIP_RUNTIME_API_EXT","hipEventElapsedTime",96967,96967,483,144220598742726,144220598743656
"HIP_RUNTIME_API_EXT","hipEventRecord",96967,96967,484,144220598745486,144220598766387
"HIP_RUNTIME_API_EXT","hipModuleLaunchKernel",96967,96967,485,144220598774628,144220598779298
"HIP_RUNTIME_API_EXT","hipModuleLaunchKernel",96967,96967,486,144220598781728,144220598783088
"HIP_RUNTIME_API_EXT","hipModuleLaunchKernel",96967,96967,487,144220598784548,144220598785588
"HIP_RUNTIME_API_EXT","hipModuleLaunchKernel",96967,96967,488,144220598786928,144220598788078
"HIP_RUNTIME_API_EXT","hipModuleLaunchKernel",96967,96967,489,144220598789568,144220598790869
"HIP_RUNTIME_API_EXT","hipModuleLaunchKernel",96967,96967,490,144220598792189,144220598793239
"HIP_RUNTIME_API_EXT","hipModuleLaunchKernel",96967,96967,491,144220598798959,144220598800209
"HIP_RUNTIME_API_EXT","hipModuleLaunchKernel",96967,96967,492,144220598801539,144220598802709
"HIP_RUNTIME_API_EXT","hipModuleLaunchKernel",96967,96967,493,144220598804029,144220598818640
"HIP_RUNTIME_API_EXT","hipModuleLaunchKernel",96967,96967,494,144220598927256,144220598932527
"HIP_RUNTIME_API_EXT","hipModuleLaunchKernel",96967,96967,495,144220598938487,144220598939257
"HIP_RUNTIME_API_EXT","hipModuleLaunchKernel",96967,96967,496,144220598940877,144220598942177
"HIP_RUNTIME_API_EXT","hipModuleLaunchKernel",96967,96967,497,144220598943577,144220598944737
"HIP_RUNTIME_API_EXT","hipModuleLaunchKernel",96967,96967,498,144220598946157,144220598947297
"HIP_RUNTIME_API_EXT","hipModuleLaunchKernel",96967,96967,499,144220598948628,144220598949678
"HIP_RUNTIME_API_EXT","hipModuleLaunchKernel",96967,96967,500,144220598951038,144220598951888
"HIP_RUNTIME_API_EXT","hipModuleLaunchKernel",96967,96967,501,144220598953218,144220598955018
"HIP_RUNTIME_API_EXT","hipModuleLaunchKernel",96967,96967,502,144220598956378,144220598957318
"HIP_RUNTIME_API_EXT","hipModuleLaunchKernel",96967,96967,503,144220598958628,144220598959638
"HIP_RUNTIME_API_EXT","hipModuleLaunchKernel",96967,96967,504,144220598960958,144220598962228
"HIP_RUNTIME_API_EXT","hipModuleLaunchKernel",96967,96967,505,144220598963568,144220598964978
"HIP_RUNTIME_API_EXT","hipModuleLaunchKernel",96967,96967,506,144220598966429,144220598967719
"HIP_RUNTIME_API_EXT","hipModuleLaunchKernel",96967,96967,507,144220598969049,144220598969969
"HIP_RUNTIME_API_EXT","hipModuleLaunchKernel",96967,96967,508,144220598971299,144220598972249
"HIP_RUNTIME_API_EXT","hipModuleLaunchKernel",96967,96967,509,144220598973579,144220598974469
"HIP_RUNTIME_API_EXT","hipModuleLaunchKernel",96967,96967,510,144220598975789,144220598977179
"HIP_RUNTIME_API_EXT","hipModuleLaunchKernel",96967,96967,511,144220598978489,144220598979619
"HIP_RUNTIME_API_EXT","hipModuleLaunchKernel",96967,96967,512,144220598980939,144220598982669
"HIP_RUNTIME_API_EXT","hipModuleLaunchKernel",96967,96967,513,144220598984230,144220598985280
"HIP_RUNTIME_API_EXT","hipModuleLaunchKernel",96967,96967,514,144220598991540,144220598992690
"HIP_RUNTIME_API_EXT","hipModuleLaunchKernel",96967,96967,515,144220598994100,144220598995550
"HIP_RUNTIME_API_EXT","hipModuleLaunchKernel",96967,96967,516,144220598996890,144220598998370
"HIP_RUNTIME_API_EXT","hipModuleLaunchKernel",96967,96967,517,144220598999690,144220599000590
"HIP_RUNTIME_API_EXT","hipModuleLaunchKernel",96967,96967,518,144220599001901,144220599003041
"HIP_RUNTIME_API_EXT","hipModuleLaunchKernel",96967,96967,519,144220599004391,144220599005731
"HIP_RUNTIME_API_EXT","hipModuleLaunchKernel",96967,96967,520,144220599007051,144220599008021
"HIP_RUNTIME_API_EXT","hipModuleLaunchKernel",96967,96967,521,144220599009331,144220599010491
"HIP_RUNTIME_API_EXT","hipModuleLaunchKernel",96967,96967,522,144220599011801,144220599012911
"HIP_RUNTIME_API_EXT","hipModuleLaunchKernel",96967,96967,523,144220599014431,144220599015521
"HIP_RUNTIME_API_EXT","hipModuleLaunchKernel",96967,96967,524,144220599016841,144220599017741
"HIP_RUNTIME_API_EXT","hipModuleLaunchKernel",96967,96967,525,144220599019082,144220599020342
"HIP_RUNTIME_API_EXT","hipModuleLaunchKernel",96967,96967,526,144220599021682,144220599022602
"HIP_RUNTIME_API_EXT","hipModuleLaunchKernel",96967,96967,527,144220599023892,144220599025452
"HIP_RUNTIME_API_EXT","hipModuleLaunchKernel",96967,96967,528,144220599026772,144220599027952
"HIP_RUNTIME_API_EXT","hipModuleLaunchKernel",96967,96967,529,144220599029272,144220599030432
"HIP_RUNTIME_API_EXT","hipModuleLaunchKernel",96967,96967,530,144220599031752,144220599032692
"HIP_RUNTIME_API_EXT","hipModuleLaunchKernel",96967,96967,531,144220599034012,144220599035252
"HIP_RUNTIME_API_EXT","hipModuleLaunchKernel",96967,96967,532,144220599036693,144220599038063
"HIP_RUNTIME_API_EXT","hipModuleLaunchKernel",96967,96967,533,144220599039403,144220599040313
"HIP_RUNTIME_API_EXT","hipModuleLaunchKernel",96967,96967,534,144220599041643,144220599042653
"HIP_RUNTIME_API_EXT","hipModuleLaunchKernel",96967,96967,535,144220599043973,144220599045153
"HIP_RUNTIME_API_EXT","hipModuleLaunchKernel",96967,96967,536,144220599046473,144220599047663
"HIP_RUNTIME_API_EXT","hipModuleLaunchKernel",96967,96967,537,144220599049003,144220599049923
"HIP_RUNTIME_API_EXT","hipModuleLaunchKernel",96967,96967,538,144220599053083,144220599054324
"HIP_RUNTIME_API_EXT","hipModuleLaunchKernel",96967,96967,539,144220599055624,144220599057004
"HIP_RUNTIME_API_EXT","hipModuleLaunchKernel",96967,96967,540,144220599058494,144220599059544
"HIP_RUNTIME_API_EXT","hipModuleLaunchKernel",96967,96967,541,144220599060874,144220599061914
"HIP_RUNTIME_API_EXT","hipModuleLaunchKernel",96967,96967,542,144220599063244,144220599064414
"HIP_RUNTIME_API_EXT","hipModuleLaunchKernel",96967,96967,543,144220599065764,144220599066924
"HIP_RUNTIME_API_EXT","hipModuleLaunchKernel",96967,96967,544,144220599068234,144220599069194
"HIP_RUNTIME_API_EXT","hipModuleLaunchKernel",96967,96967,545,144220599070524,144220599071505
"HIP_RUNTIME_API_EXT","hipModuleLaunchKernel",96967,96967,546,144220599072875,144220599074195
"HIP_RUNTIME_API_EXT","hipModuleLaunchKernel",96967,96967,547,144220599075505,144220599076795
"HIP_RUNTIME_API_EXT","hipModuleLaunchKernel",96967,96967,548,144220599078135,144220599079115
"HIP_RUNTIME_API_EXT","hipModuleLaunchKernel",96967,96967,549,144220599080585,144220599081815
"HIP_RUNTIME_API_EXT","hipModuleLaunchKernel",96967,96967,550,144220599083135,144220599084315
"HIP_RUNTIME_API_EXT","hipModuleLaunchKernel",96967,96967,551,144220599085655,144220599086635
"HIP_RUNTIME_API_EXT","hipModuleLaunchKernel",96967,96967,552,144220599087995,144220599088905
"HIP_RUNTIME_API_EXT","hipModuleLaunchKernel",96967,96967,553,144220599090276,144220599091776
"HIP_RUNTIME_API_EXT","hipModuleLaunchKernel",96967,96967,554,144220599093136,144220599094376
"HIP_RUNTIME_API_EXT","hipModuleLaunchKernel",96967,96967,555,144220599095726,144220599096856
"HIP_RUNTIME_API_EXT","hipModuleLaunchKernel",96967,96967,556,144220599098216,144220599099156
"HIP_RUNTIME_API_EXT","hipModuleLaunchKernel",96967,96967,557,144220599100496,144220599101466
"HIP_RUNTIME_API_EXT","hipModuleLaunchKernel",96967,96967,558,144220599102816,144220599103846
"HIP_RUNTIME_API_EXT","hipModuleLaunchKernel",96967,96967,559,144220599105186,144220599106126
"HIP_RUNTIME_API_EXT","hipModuleLaunchKernel",96967,96967,560,144220599107467,144220599108737
"HIP_RUNTIME_API_EXT","hipModuleLaunchKernel",96967,96967,561,144220599115267,144220599116777
"HIP_RUNTIME_API_EXT","hipModuleLaunchKernel",96967,96967,562,144220599118127,144220599119507
"HIP_RUNTIME_API_EXT","hipModuleLaunchKernel",96967,96967,563,144220599120937,144220599121927
"HIP_RUNTIME_API_EXT","hipModuleLaunchKernel",96967,96967,564,144220599123297,144220599124218
"HIP_RUNTIME_API_EXT","hipModuleLaunchKernel",96967,96967,565,144220599125568,144220599126568
"HIP_RUNTIME_API_EXT","hipModuleLaunchKernel",96967,96967,566,144220599127918,144220599129228
"HIP_RUNTIME_API_EXT","hipModuleLaunchKernel",96967,96967,567,144220599130568,144220599131858
"HIP_RUNTIME_API_EXT","hipModuleLaunchKernel",96967,96967,568,144220599133208,144220599134378
"HIP_RUNTIME_API_EXT","hipModuleLaunchKernel",96967,96967,569,144220599135728,144220599136908
"HIP_RUNTIME_API_EXT","hipModuleLaunchKernel",96967,96967,570,144220599138248,144220599139218
"HIP_RUNTIME_API_EXT","hipModuleLaunchKernel",96967,96967,571,144220599140678,144220599141849
"HIP_RUNTIME_API_EXT","hipModuleLaunchKernel",96967,96967,572,144220599143189,144220599144349
"HIP_RUNTIME_API_EXT","hipModuleLaunchKernel",96967,96967,573,144220599145699,144220599146729
"HIP_RUNTIME_API_EXT","hipModuleLaunchKernel",96967,96967,574,144220599148079,144220599149199
"HIP_RUNTIME_API_EXT","hipModuleLaunchKernel",96967,96967,575,144220599150649,144220599151759
"HIP_RUNTIME_API_EXT","hipModuleLaunchKernel",96967,96967,576,144220599153089,144220599154109
"HIP_RUNTIME_API_EXT","hipModuleLaunchKernel",96967,96967,577,144220599155509,144220599156649
"HIP_RUNTIME_API_EXT","hipModuleLaunchKernel",96967,96967,578,144220599158009,144220599159119
"HIP_RUNTIME_API_EXT","hipModuleLaunchKernel",96967,96967,579,144220599160460,144220599161690
"HIP_RUNTIME_API_EXT","hipModuleLaunchKernel",96967,96967,580,144220599163030,144220599163960
"HIP_RUNTIME_API_EXT","hipModuleLaunchKernel",96967,96967,581,144220599165290,144220599166310
"HIP_RUNTIME_API_EXT","hipModuleLaunchKernel",96967,96967,582,144220599167640,144220599168750
"HIP_RUNTIME_API_EXT","hipModuleLaunchKernel",96967,96967,583,144220599170090,144220599171090
"HIP_RUNTIME_API_EXT","hipModuleLaunchKernel",96967,96967,584,144220599174010,144220599174980
"HIP_RUNTIME_API_EXT","hipEventRecord",96967,96967,585,144220599176810,144220599179461
"HIP_RUNTIME_API_EXT","hipEventSynchronize",96967,96967,586,144220599180871,144220600096203
"HIP_RUNTIME_API_EXT","hipEventElapsedTime",96967,96967,587,144220600098913,144220600099943
"HIP_RUNTIME_API_EXT","hipEventRecord",96967,96967,588,144220600101783,144220600122854
"HIP_RUNTIME_API_EXT","hipModuleLaunchKernel",96967,96967,589,144220600131255,144220600135605
"HIP_RUNTIME_API_EXT","hipModuleLaunchKernel",96967,96967,590,144220600138085,144220600138745
"HIP_RUNTIME_API_EXT","hipModuleLaunchKernel",96967,96967,591,144220600140475,144220600141475
"HIP_RUNTIME_API_EXT","hipModuleLaunchKernel",96967,96967,592,144220600142895,144220600143955
"HIP_RUNTIME_API_EXT","hipModuleLaunchKernel",96967,96967,593,144220600145345,144220600146316
"HIP_RUNTIME_API_EXT","hipModuleLaunchKernel",96967,96967,594,144220600147676,144220600148606
"HIP_RUNTIME_API_EXT","hipModuleLaunchKernel",96967,96967,595,144220600149956,144220600151076
"HIP_RUNTIME_API_EXT","hipModuleLaunchKernel",96967,96967,596,144220600152416,144220600153596
"HIP_RUNTIME_API_EXT","hipModuleLaunchKernel",96967,96967,597,144220600154936,144220600156126
"HIP_RUNTIME_API_EXT","hipModuleLaunchKernel",96967,96967,598,144220600157466,144220600158886
"HIP_RUNTIME_API_EXT","hipModuleLaunchKernel",96967,96967,599,144220600160236,144220600161296
"HIP_RUNTIME_API_EXT","hipModuleLaunchKernel",96967,96967,600,144220600162636,144220600163777
"HIP_RUNTIME_API_EXT","hipModuleLaunchKernel",96967,96967,601,144220600165127,144220600166257
"HIP_RUNTIME_API_EXT","hipModuleLaunchKernel",96967,96967,602,144220600167597,144220600168857
"HIP_RUNTIME_API_EXT","hipModuleLaunchKernel",96967,96967,603,144220600170297,144220600171617
"HIP_RUNTIME_API_EXT","hipModuleLaunchKernel",96967,96967,604,144220600172947,144220600173987
"HIP_RUNTIME_API_EXT","hipModuleLaunchKernel",96967,96967,605,144220600175317,144220600176897
"HIP_RUNTIME_API_EXT","hipModuleLaunchKernel",96967,96967,606,144220600178237,144220600179387
"HIP_RUNTIME_API_EXT","hipModuleLaunchKernel",96967,96967,607,144220600180727,144220600181928
"HIP_RUNTIME_API_EXT","hipModuleLaunchKernel",96967,96967,608,144220600187838,144220600189068
"HIP_RUNTIME_API_EXT","hipModuleLaunchKernel",96967,96967,609,144220600190418,144220600191468
"HIP_RUNTIME_API_EXT","hipModuleLaunchKernel",96967,96967,610,144220600192808,144220600193808
"HIP_RUNTIME_API_EXT","hipModuleLaunchKernel",96967,96967,611,144220600195298,144220600196558
"HIP_RUNTIME_API_EXT","hipModuleLaunchKernel",96967,96967,612,144220600197898,144220600199179
"HIP_RUNTIME_API_EXT","hipModuleLaunchKernel",96967,96967,613,144220600200529,144220600201519
"HIP_RUNTIME_API_EXT","hipModuleLaunchKernel",96967,96967,614,144220600202849,144220600204199
"HIP_RUNTIME_API_EXT","hipModuleLaunchKernel",96967,96967,615,144220600205539,144220600206859
"HIP_RUNTIME_API_EXT","hipModuleLaunchKernel",96967,96967,616,144220600208209,144220600209569
"HIP_RUNTIME_API_EXT","hipModuleLaunchKernel",96967,96967,617,144220600210919,144220600212129
"HIP_RUNTIME_API_EXT","hipModuleLaunchKernel",96967,96967,618,144220600213469,144220600214429
"HIP_RUNTIME_API_EXT","hipModuleLaunchKernel",96967,96967,619,144220600215889,144220600217150
"HIP_RUNTIME_API_EXT","hipModuleLaunchKernel",96967,96967,620,144220600218490,144220600219440
"HIP_RUNTIME_API_EXT","hipModuleLaunchKernel",96967,96967,621,144220600220790,144220600221830
"HIP_RUNTIME_API_EXT","hipModuleLaunchKernel",96967,96967,622,144220600223170,144220600224580
"HIP_RUNTIME_API_EXT","hipModuleLaunchKernel",96967,96967,623,144220600226030,144220600227620
"HIP_RUNTIME_API_EXT","hipModuleLaunchKernel",96967,96967,624,144220600228950,144220600230320
"HIP_RUNTIME_API_EXT","hipModuleLaunchKernel",96967,96967,625,144220600231660,144220600232610
"HIP_RUNTIME_API_EXT","hipModuleLaunchKernel",96967,96967,626,144220600233950,144220600235151
"HIP_RUNTIME_API_EXT","hipModuleLaunchKernel",96967,96967,627,144220600236491,144220600238011
"HIP_RUNTIME_API_EXT","hipModuleLaunchKernel",96967,96967,628,144220600239351,144220600240471
"HIP_RUNTIME_API_EXT","hipModuleLaunchKernel",96967,96967,629,144220600241831,144220600243331
"HIP_RUNTIME_API_EXT","hipModuleLaunchKernel",96967,96967,630,144220600244651,144220600245661
"HIP_RUNTIME_API_EXT","hipModuleLaunchKernel",96967,96967,631,144220600248781,144220600249891
"HIP_RUNTIME_API_EXT","hipModuleLaunchKernel",96967,96967,632,144220600251231,144220600252202
"HIP_RUNTIME_API_EXT","hipModuleLaunchKernel",96967,96967,633,144220600253552,144220600255192
"HIP_RUNTIME_API_EXT","hipModuleLaunchKernel",96967,96967,634,144220600256542,144220600257772
"HIP_RUNTIME_API_EXT","hipModuleLaunchKernel",96967,96967,635,144220600259112,144220600260472
"HIP_RUNTIME_API_EXT","hipModuleLaunchKernel",96967,96967,636,144220600261812,144220600262932
"HIP_RUNTIME_API_EXT","hipModuleLaunchKernel",96967,96967,637,144220600264272,144220600265572
"HIP_RUNTIME_API_EXT","hipModuleLaunchKernel",96967,96967,638,144220600266902,144220600268242
"HIP_RUNTIME_API_EXT","hipModuleLaunchKernel",96967,96967,639,144220600269583,144220600270663
"HIP_RUNTIME_API_EXT","hipModuleLaunchKernel",96967,96967,640,144220600272003,144220600273223
"HIP_RUNTIME_API_EXT","hipModuleLaunchKernel",96967,96967,641,144220600274653,144220600275613
"HIP_RUNTIME_API_EXT","hipModuleLaunchKernel",96967,96967,642,144220600276953,144220600278263
"HIP_RUNTIME_API_EXT","hipModuleLaunchKernel",96967,96967,643,144220600279603,144220600280843
"HIP_RUNTIME_API_EXT","hipModuleLaunchKernel",96967,96967,644,144220600282183,144220600283303
"HIP_RUNTIME_API_EXT","hipModuleLaunchKernel",96967,96967,645,144220600284663,144220600286103
"HIP_RUNTIME_API_EXT","hipModuleLaunchKernel",96967,96967,646,144220600287464,144220600289044
"HIP_RUNTIME_API_EXT","hipModuleLaunchKernel",96967,96967,647,144220600290504,144220600291664
"HIP_RUNTIME_API_EXT","hipModuleLaunchKernel",96967,96967,648,144220600293014,144220600294314
"HIP_RUNTIME_API_EXT","hipModuleLaunchKernel",96967,96967,649,144220600295654,144220600297034
"HIP_RUNTIME_API_EXT","hipModuleLaunchKernel",96967,96967,650,144220600298394,144220600299564
"HIP_RUNTIME_API_EXT","hipModuleLaunchKernel",96967,96967,651,144220600300914,144220600302484
"HIP_RUNTIME_API_EXT","hipModuleLaunchKernel",96967,96967,652,144220600303824,144220600305015
"HIP_RUNTIME_API_EXT","hipModuleLaunchKernel",96967,96967,653,144220600306365,144220600307275
"HIP_RUNTIME_API_EXT","hipModuleLaunchKernel",96967,96967,654,144220600310365,144220600311425
"HIP_RUNTIME_API_EXT","hipModuleLaunchKernel",96967,96967,655,144220600312745,144220600314055
"HIP_RUNTIME_API_EXT","hipModuleLaunchKernel",96967,96967,656,144220600315405,144220600316545
"HIP_RUNTIME_API_EXT","hipModuleLaunchKernel",96967,96967,657,144220600317895,144220600319145
"HIP_RUNTIME_API_EXT","hipModuleLaunchKernel",96967,96967,658,144220600320505,144220600321945
"HIP_RUNTIME_API_EXT","hipModuleLaunchKernel",96967,96967,659,144220600323436,144220600324546
"HIP_RUNTIME_API_EXT","hipModuleLaunchKernel",96967,96967,660,144220600325886,144220600326876
"HIP_RUNTIME_API_EXT","hipModuleLaunchKernel",96967,96967,661,144220600328226,144220600329226
"HIP_RUNTIME_API_EXT","hipModuleLaunchKernel",96967,96967,662,144220600330576,144220600331426
"HIP_RUNTIME_API_EXT","hipModuleLaunchKernel",96967,96967,663,144220600332786,144220600333886
"HIP_RUNTIME_API_EXT","hipModuleLaunchKernel",96967,96967,664,144220600335246,144220600336166
"HIP_RUNTIME_API_EXT","hipModuleLaunchKernel",96967,96967,665,144220600337506,144220600338416
"HIP_RUNTIME_API_EXT","hipModuleLaunchKernel",96967,96967,666,144220600339776,144220600340727
"HIP_RUNTIME_API_EXT","hipModuleLaunchKernel",96967,96967,667,144220600342077,144220600343327
"HIP_RUNTIME_API_EXT","hipModuleLaunchKernel",96967,96967,668,144220600344697,144220600345707
"HIP_RUNTIME_API_EXT","hipModuleLaunchKernel",96967,96967,669,144220600347047,144220600348257
"HIP_RUNTIME_API_EXT","hipModuleLaunchKernel",96967,96967,670,144220600349607,144220600350897
"HIP_RUNTIME_API_EXT","hipModuleLaunchKernel",96967,96967,671,144220600352387,144220600353437
"HIP_RUNTIME_API_EXT","hipModuleLaunchKernel",96967,96967,672,144220600354797,144220600355927
"HIP_RUNTIME_API_EXT","hipModuleLaunchKernel",96967,96967,673,144220600357277,144220600358428
"HIP_RUNTIME_API_EXT","hipModuleLaunchKernel",96967,96967,674,144220600359768,144220600360798
"HIP_RUNTIME_API_EXT","hipModuleLaunchKernel",96967,96967,675,144220600362168,144220600363278
"HIP_RUNTIME_API_EXT","hipModuleLaunchKernel",96967,96967,676,144220600364608,144220600365648
"HIP_RUNTIME_API_EXT","hipModuleLaunchKernel",96967,96967,677,144220600368478,144220600369558
"HIP_RUNTIME_API_EXT","hipModuleLaunchKernel",96967,96967,678,144220600370918,144220600372038
"HIP_RUNTIME_API_EXT","hipModuleLaunchKernel",96967,96967,679,144220600373398,144220600374878
"HIP_RUNTIME_API_EXT","hipModuleLaunchKernel",96967,96967,680,144220600376219,144220600377369
"HIP_RUNTIME_API_EXT","hipModuleLaunchKernel",96967,96967,681,144220600378719,144220600379679
"HIP_RUNTIME_API_EXT","hipModuleLaunchKernel",96967,96967,682,144220600381019,144220600382129
"HIP_RUNTIME_API_EXT","hipModuleLaunchKernel",96967,96967,683,144220600383469,144220600384799
"HIP_RUNTIME_API_EXT","hipModuleLaunchKernel",96967,96967,684,144220600386159,144220600387269
"HIP_RUNTIME_API_EXT","hipModuleLaunchKernel",96967,96967,685,144220600388619,144220600389729
"HIP_RUNTIME_API_EXT","hipModuleLaunchKernel",96967,96967,686,144220600391069,144220600392319
"HIP_RUNTIME_API_EXT","hipModuleLaunchKernel",96967,96967,687,144220600393670,144220600394620
"HIP_RUNTIME_API_EXT","hipModuleLaunchKernel",96967,96967,688,144220600395970,144220600397060
"HIP_RUNTIME_API_EXT","hipEventRecord",96967,96967,689,144220600398590,144220600401150
"HIP_RUNTIME_API_EXT","hipEventSynchronize",96967,96967,690,144220600402090,144220601306551
"HIP_RUNTIME_API_EXT","hipEventElapsedTime",96967,96967,691,144220601312782,144220601313872
"HIP_RUNTIME_API_EXT","hipEventRecord",96967,96967,692,144220601316692,144220601339733
"HIP_RUNTIME_API_EXT","hipModuleLaunchKernel",96967,96967,693,144220601348084,144220601352454
"HIP_RUNTIME_API_EXT","hipModuleLaunchKernel",96967,96967,694,144220601354914,144220601356134
"HIP_RUNTIME_API_EXT","hipModuleLaunchKernel",96967,96967,695,144220601357584,144220601358874
"HIP_RUNTIME_API_EXT","hipModuleLaunchKernel",96967,96967,696,144220601360234,144220601361174
"HIP_RUNTIME_API_EXT","hipModuleLaunchKernel",96967,96967,697,144220601362514,144220601363614
"HIP_RUNTIME_API_EXT","hipModuleLaunchKernel",96967,96967,698,144220601364975,144220601366135
"HIP_RUNTIME_API_EXT","hipModuleLaunchKernel",96967,96967,699,144220601367475,144220601368645
"HIP_RUNTIME_API_EXT","hipModuleLaunchKernel",96967,96967,700,144220601370005,144220601370935
"HIP_RUNTIME_API_EXT","hipModuleLaunchKernel",96967,96967,701,144220601403357,144220601407797
"HIP_RUNTIME_API_EXT","hipModuleLaunchKernel",96967,96967,702,144220601410127,144220601411397
"HIP_RUNTIME_API_EXT","hipModuleLaunchKernel",96967,96967,703,144220601413047,144220601414147
"HIP_RUNTIME_API_EXT","hipModuleLaunchKernel",96967,96967,704,144220601415497,144220601416627
"HIP_RUNTIME_API_EXT","hipModuleLaunchKernel",96967,96967,705,144220601418068,144220601419058
"HIP_RUNTIME_API_EXT","hipModuleLaunchKernel",96967,96967,706,144220601420638,144220601421568
"HIP_RUNTIME_API_EXT","hipModuleLaunchKernel",96967,96967,707,144220601422928,144220601423988
"HIP_RUNTIME_API_EXT","hipModuleLaunchKernel",96967,96967,708,144220601425328,144220601428018
"HIP_RUNTIME_API_EXT","hipModuleLaunchKernel",96967,96967,709,144220601429418,144220601430878
"HIP_RUNTIME_API_EXT","hipModuleLaunchKernel",96967,96967,710,144220601432208,144220601433448
"HIP_RUNTIME_API_EXT","hipModuleLaunchKernel",96967,96967,711,144220601434788,144220601436039
"HIP_RUNTIME_API_EXT","hipModuleLaunchKernel",96967,96967,712,144220601437349,144220601438619
"HIP_RUNTIME_API_EXT","hipModuleLaunchKernel",96967,96967,713,144220601439949,144220601441259
"HIP_RUNTIME_API_EXT","hipModuleLaunchKernel",96967,96967,714,144220601442589,144220601443829
"HIP_RUNTIME_API_EXT","hipModuleLaunchKernel",96967,96967,715,144220601452009,144220601452990
"HIP_RUNTIME_API_EXT","hipModuleLaunchKernel",96967,96967,716,144220601454420,144220601455540
"HIP_RUNTIME_API_EXT","hipModuleLaunchKernel",96967,96967,717,144220601456890,144220601458160
"HIP_RUNTIME_API_EXT","hipModuleLaunchKernel",96967,96967,718,144220601459550,144220601460640
"HIP_RUNTIME_API_EXT","hipModuleLaunchKernel",96967,96967,719,144220601461960,144220601463130
"HIP_RUNTIME_API_EXT","hipModuleLaunchKernel",96967,96967,720,144220601464430,144220601465630
"HIP_RUNTIME_API_EXT","hipModuleLaunchKernel",96967,96967,721,144220601466970,144220601467850
"HIP_RUNTIME_API_EXT","hipModuleLaunchKernel",96967,96967,722,144220601469190,144220601470411
"HIP_RUNTIME_API_EXT","hipModuleLaunchKernel",96967,96967,723,144220601472251,144220601473531
"HIP_RUNTIME_API_EXT","hipModuleLaunchKernel",96967,96967,724,144220601474851,144220601476951
"HIP_RUNTIME_API_EXT","hipModuleLaunchKernel",96967,96967,725,144220601478611,144220601480061
"HIP_RUNTIME_API_EXT","hipModuleLaunchKernel",96967,96967,726,144220601481461,144220601482881
"HIP_RUNTIME_API_EXT","hipModuleLaunchKernel",96967,96967,727,144220601484221,144220601485251
"HIP_RUNTIME_API_EXT","hipModuleLaunchKernel",96967,96967,728,144220601486581,144220601487971
"HIP_RUNTIME_API_EXT","hipModuleLaunchKernel",96967,96967,729,144220601489312,144220601490232
"HIP_RUNTIME_API_EXT","hipModuleLaunchKernel",96967,96967,730,144220601491572,144220601492892
"HIP_RUNTIME_API_EXT","hipModuleLaunchKernel",96967,96967,731,144220601494222,144220601495552
"HIP_RUNTIME_API_EXT","hipModuleLaunchKernel",96967,96967,732,144220601497232,144220601498872
"HIP_RUNTIME_API_EXT","hipModuleLaunchKernel",96967,96967,733,144220601500202,144220601501202
"HIP_RUNTIME_API_EXT","hipModuleLaunchKernel",96967,96967,734,144220601502512,144220601503722
"HIP_RUNTIME_API_EXT","hipModuleLaunchKernel",96967,96967,735,144220601505032,144220601506523
"HIP_RUNTIME_API_EXT","hipModuleLaunchKernel",96967,96967,736,144220601507833,144220601509093
"HIP_RUNTIME_API_EXT","hipModuleLaunchKernel",96967,96967,737,144220601510403,144220601511413
"HIP_RUNTIME_API_EXT","hipModuleLaunchKernel",96967,96967,738,144220601512733,144220601513933
"HIP_RUNTIME_API_EXT","hipModuleLaunchKernel",96967,96967,739,144220601515273,144220601516203
"HIP_RUNTIME_API_EXT","hipModuleLaunchKernel",96967,96967,740,144220601517913,144220601519183
"HIP_RUNTIME_API_EXT","hipModuleLaunchKernel",96967,96967,741,144220601520493,144220601521663
"HIP_RUNTIME_API_EXT","hipModuleLaunchKernel",96967,96967,742,144220601522973,144220601524154
"HIP_RUNTIME_API_EXT","hipModuleLaunchKernel",96967,96967,743,144220601525484,144220601526674
"HIP_RUNTIME_API_EXT","hipModuleLaunchKernel",96967,96967,744,144220601527984,144220601529114
"HIP_RUNTIME_API_EXT","hipModuleLaunchKernel",96967,96967,745,144220601530464,144220601531394
"HIP_RUNTIME_API_EXT","hipModuleLaunchKernel",96967,96967,746,144220601532704,144220601533864
"HIP_RUNTIME_API_EXT","hipModuleLaunchKernel",96967,96967,747,144220601535174,144220601536454
"HIP_RUNTIME_API_EXT","hipModuleLaunchKernel",96967,96967,748,144220601537784,144220601539154
"HIP_RUNTIME_API_EXT","hipModuleLaunchKernel",96967,96967,749,144220601540814,144220601541755
"HIP_RUNTIME_API_EXT","hipModuleLaunchKernel",96967,96967,750,144220601543075,144220601544425
"HIP_RUNTIME_API_EXT","hipModuleLaunchKernel",96967,96967,751,144220601545745,144220601546575
"HIP_RUNTIME_API_EXT","hipModuleLaunchKernel",96967,96967,752,144220601547895,144220601548995
"HIP_RUNTIME_API_EXT","hipModuleLaunchKernel",96967,96967,753,144220601550325,144220601551325
"HIP_RUNTIME_API_EXT","hipModuleLaunchKernel",96967,96967,754,144220601552655,144220601553635
"HIP_RUNTIME_API_EXT","hipModuleLaunchKernel",96967,96967,755,144220601554965,144220601556235
"HIP_RUNTIME_API_EXT","hipModuleLaunchKernel",96967,96967,756,144220601557555,144220601558385
"HIP_RUNTIME_API_EXT","hipModuleLaunchKernel",96967,96967,757,144220601559896,144220601561186
"HIP_RUNTIME_API_EXT","hipModuleLaunchKernel",96967,96967,758,144220601562556,144220601563396
"HIP_RUNTIME_API_EXT","hipModuleLaunchKernel",96967,96967,759,144220601564746,144220601565586
"HIP_RUNTIME_API_EXT","hipModuleLaunchKernel",96967,96967,760,144220601566936,144220601567986
"HIP_RUNTIME_API_EXT","hipModuleLaunchKernel",96967,96967,761,144220601569316,144220601570736
"HIP_RUNTIME_API_EXT","hipModuleLaunchKernel",96967,96967,762,144220601572066,144220601573756
"HIP_RUNTIME_API_EXT","hipModuleLaunchKernel",96967,96967,763,144220601575096,144220601576357
"HIP_RUNTIME_API_EXT","hipModuleLaunchKernel",96967,96967,764,144220601577677,144220601578657
"HIP_RUNTIME_API_EXT","hipModuleLaunchKernel",96967,96967,765,144220601579997,144220601581117
"HIP_RUNTIME_API_EXT","hipModuleLaunchKernel",96967,96967,766,144220601582617,144220601583757
"HIP_RUNTIME_API_EXT","hipModuleLaunchKernel",96967,96967,767,144220601585097,144220601586487
"HIP_RUNTIME_API_EXT","hipModuleLaunchKernel",96967,96967,768,144220601587867,144220601589107
"HIP_RUNTIME_API_EXT","hipModuleLaunchKernel",96967,96967,769,144220601590527,144220601591447
"HIP_RUNTIME_API_EXT","hipModuleLaunchKernel",96967,96967,770,144220601592767,144220601593797
"HIP_RUNTIME_API_EXT","hipModuleLaunchKernel",96967,96967,771,144220601595128,144220601595978
"HIP_RUNTIME_API_EXT","hipModuleLaunchKernel",96967,96967,772,144220601597288,144220601598658
"HIP_RUNTIME_API_EXT","hipModuleLaunchKernel",96967,96967,773,144220601599988,144220601601498
"HIP_RUNTIME_API_EXT","hipModuleLaunchKernel",96967,96967,774,144220601603138,144220601604288
"HIP_RUNTIME_API_EXT","hipModuleLaunchKernel",96967,96967,775,144220601605638,144220601606978
"HIP_RUNTIME_API_EXT","hipModuleLaunchKernel",96967,96967,776,144220601608298,144220601609438
"HIP_RUNTIME_API_EXT","hipModuleLaunchKernel",96967,96967,777,144220601610758,144220601611899
"HIP_RUNTIME_API_EXT","hipModuleLaunchKernel",96967,96967,778,144220601613229,144220601614239
"HIP_RUNTIME_API_EXT","hipModuleLaunchKernel",96967,96967,779,144220601615559,144220601616839
"HIP_RUNTIME_API_EXT","hipModuleLaunchKernel",96967,96967,780,144220601618159,144220601619479
"HIP_RUNTIME_API_EXT","hipModuleLaunchKernel",96967,96967,781,144220601620809,144220601621739
"HIP_RUNTIME_API_EXT","hipModuleLaunchKernel",96967,96967,782,144220601623079,144220601624009
"HIP_RUNTIME_API_EXT","hipModuleLaunchKernel",96967,96967,783,144220601625639,144220601626979
"HIP_RUNTIME_API_EXT","hipModuleLaunchKernel",96967,96967,784,144220601628299,144220601629239
"HIP_RUNTIME_API_EXT","hipModuleLaunchKernel",96967,96967,785,144220601630570,144220601631690
"HIP_RUNTIME_API_EXT","hipModuleLaunchKernel",96967,96967,786,144220601633010,144220601633920
"HIP_RUNTIME_API_EXT","hipModuleLaunchKernel",96967,96967,787,144220601635260,144220601636210
"HIP_RUNTIME_API_EXT","hipModuleLaunchKernel",96967,96967,788,144220601637550,144220601638760
"HIP_RUNTIME_API_EXT","hipModuleLaunchKernel",96967,96967,789,144220601640090,144220601641230
"HIP_RUNTIME_API_EXT","hipModuleLaunchKernel",96967,96967,790,144220601642550,144220601643670
"HIP_RUNTIME_API_EXT","hipModuleLaunchKernel",96967,96967,791,144220601645220,144220601646250
"HIP_RUNTIME_API_EXT","hipModuleLaunchKernel",96967,96967,792,144220601647611,144220601648761
"HIP_RUNTIME_API_EXT","hipEventRecord",96967,96967,793,144220601650291,144220601653041
"HIP_RUNTIME_API_EXT","hipEventSynchronize",96967,96967,794,144220601654441,144220602570403
"HIP_RUNTIME_API_EXT","hipEventElapsedTime",96967,96967,795,144220602572803,144220602573693
"HIP_RUNTIME_API_EXT","hipEventDestroy",96967,96967,796,144220602576973,144220602578733
"HIP_RUNTIME_API_EXT","hipEventDestroy",96967,96967,797,144220602579903,144220602580033
"HIP_RUNTIME_API_EXT","hipDeviceSynchronize",96967,96967,798,144220602603225,144220602689300
"HIP_RUNTIME_API_EXT","hipModuleUnload",96967,96967,799,144220602694750,144220602698970
"HIP_RUNTIME_API_EXT","hipFree",96967,96967,800,144220602781955,144220602925498
"HIP_RUNTIME_API_EXT","hipFree",96967,96967,801,144220602935138,144220602939219
"HIP_RUNTIME_API_EXT","hipFree",96967,96967,802,144220602940419,144220602941399
"HIP_RUNTIME_API_EXT","hipFree",96967,96967,803,144220602941999,144220602942779
"HIP_RUNTIME_API_EXT","hipFree",96967,96967,804,144220602943899,144220602944599
"HIP_RUNTIME_API_EXT","hipFree",96967,96967,805,144220602945219,144220602946059
"HIP_RUNTIME_API_EXT","hipFree",96967,96967,806,144220602946679,144220602947409
"HIP_RUNTIME_API_EXT","hipFree",96967,96967,807,144220602948059,144220602949439
